Kani Rust Verifier 0.68.0 (cargo plugin)
CBMC 6.11.0
   Compiling acyclic-actors v0.2.0 (/mnt/c/Users/varun/.codex/worktrees/rust-source-foundation/sdk/rust/crates/actors)
warning: use of an unstable feature
 --> <crate attribute>:1:12
  |
1 | ...re(register_tool)]
  |       ^^^^^^^^^^^^^
  |
  = note: requested on the command line with `--force-warn unstable-features`

warning: Found the following unsupported constructs:
             - caller_location (1)
             - foreign function (1)
         
         Verification will fail if one or more of these constructs is reachable.
         See https://model-checking.github.io/kani/rust-feature-support.html for more details.

note: did not finalize incremental compilation session directory `/mnt/q/sdk/work/foundation-kani-068/target/kani/x86_64-unknown-linux-gnu/debug/incremental/acyclic_actors-09oruv6ovyy6q/s-hmz3wa8cir-102m2k5-working`: Permission denied (os error 13)
  |
  = help: the next build will not be able to reuse work from this compilation

    Finished `dev` profile [unoptimized + debuginfo] target(s) in 1m 17s
Checking harness domain::kani_proofs::enum_numeric_mappings_are_inverse_and_lossless...
CBMC 6.11.0 (cbmc-6.11.0)
CBMC version 6.11.0 (cbmc-6.11.0) 64-bit x86_64 linux
Reading GOTO program from file /mnt/q/sdk/work/foundation-kani-068/target/kani/x86_64-unknown-linux-gnu/debug/build/acyclic-actors/ae2293718f7a5da1/out/acyclic_actors-ae2293718f7a5da1__RNvNtNtCs1wciM17XTy0_14acyclic_actors6domain11kani_proofs46enum_numeric_mappings_are_inverse_and_lossless.out
Generating GOTO Program
Adding CPROVER library (x86_64)
Removal of function pointers and virtual functions
Generic Property Instrumentation
Running with 16 object bits, 48 offset bits (user-specified)
Starting Bounded Model Checking
aborting path on assume(false) at file rust/crates/actors/src/domain/kani_proofs.rs line 46 column 1 function domain::kani_proofs::assert_subscription_state_mapping thread 0
aborting path on assume(false) at file rust/crates/actors/src/domain.rs line 517 column 15 function domain::<impl std::convert::From<domain::SubscriptionState> for i32>::from thread 0
aborting path on assume(false) at file rust/crates/actors/src/domain/kani_proofs.rs line 56 column 1 function domain::kani_proofs::assert_actor_state_mapping thread 0
aborting path on assume(false) at file rust/crates/actors/src/domain.rs line 656 column 15 function domain::<impl std::convert::From<domain::ActorState> for i32>::from thread 0
aborting path on assume(false) at file rust/crates/actors/src/domain/kani_proofs.rs line 66 column 1 function domain::kani_proofs::assert_error_code_mapping thread 0
aborting path on assume(false) at file rust/crates/actors/src/domain.rs line 667 column 15 function domain::<impl std::convert::From<domain::ErrorCode> for i32>::from thread 0
Runtime Symex: 0.170131s
size of program expression: 5161 steps
slicing removed 3904 assignments
Generated 45 VCC(s), 24 remaining after simplification
Runtime Postprocess Equation: 0.00242259s
Passing problem to propositional reduction
converting SSA
Runtime Convert SSA: 0.0163684s
Running propositional reduction
Post-processing
Runtime Post-process: 1.2226e-05s
Solving with CaDiCaL 3.0.0
3131 variables, 6880 clauses
SAT checker: instance is SATISFIABLE
Runtime Solver: 0.00165971s
Runtime decision procedure: 0.0183189s
Running propositional reduction
Solving with CaDiCaL 3.0.0
3132 variables, 6881 clauses
SAT checker: instance is SATISFIABLE
Runtime Solver: 0.000620719s
Runtime decision procedure: 0.00141994s
Running propositional reduction
Solving with CaDiCaL 3.0.0
3133 variables, 6882 clauses
SAT checker: instance is SATISFIABLE
Runtime Solver: 0.000899454s
Runtime decision procedure: 0.00108131s
Running propositional reduction
Solving with CaDiCaL 3.0.0
3134 variables, 6883 clauses
SAT checker: instance is UNSATISFIABLE
Runtime Solver: 0.00398831s
Runtime decision procedure: 0.004103s

RESULTS:
Check 1: domain::kani_proofs::assert_error_code_mapping.unreachable.1
	 - Status: SUCCESS
	 - Description: "unreachable code"
	 - Location: rust/crates/actors/src/domain/kani_proofs.rs:66:1 in function domain::kani_proofs::assert_error_code_mapping

Check 2: domain::kani_proofs::assert_error_code_mapping.assertion.1
	 - Status: UNREACHABLE
	 - Description: "assertion failed: false"
	 - Location: rust/crates/actors/src/domain/kani_proofs.rs:71:13 in function domain::kani_proofs::assert_error_code_mapping

Check 3: domain::kani_proofs::assert_error_code_mapping.assertion.2
	 - Status: SUCCESS
	 - Description: "assertion failed: found == raw"
	 - Location: rust/crates/actors/src/domain/kani_proofs.rs:69:54 in function domain::kani_proofs::assert_error_code_mapping

Check 4: domain::kani_proofs::assert_error_code_mapping.assertion.3
	 - Status: SUCCESS
	 - Description: "assertion failed: i32::from(value) == raw"
	 - Location: rust/crates/actors/src/domain/kani_proofs.rs:68:22 in function domain::kani_proofs::assert_error_code_mapping

Check 5: domain::kani_proofs::assert_subscription_state_mapping.unreachable.1
	 - Status: SUCCESS
	 - Description: "unreachable code"
	 - Location: rust/crates/actors/src/domain/kani_proofs.rs:46:1 in function domain::kani_proofs::assert_subscription_state_mapping

Check 6: domain::kani_proofs::assert_subscription_state_mapping.assertion.1
	 - Status: UNREACHABLE
	 - Description: "assertion failed: false"
	 - Location: rust/crates/actors/src/domain/kani_proofs.rs:51:13 in function domain::kani_proofs::assert_subscription_state_mapping

Check 7: domain::kani_proofs::assert_subscription_state_mapping.assertion.2
	 - Status: SUCCESS
	 - Description: "assertion failed: found == raw"
	 - Location: rust/crates/actors/src/domain/kani_proofs.rs:49:62 in function domain::kani_proofs::assert_subscription_state_mapping

Check 8: domain::kani_proofs::assert_subscription_state_mapping.assertion.3
	 - Status: SUCCESS
	 - Description: "assertion failed: i32::from(value) == raw"
	 - Location: rust/crates/actors/src/domain/kani_proofs.rs:48:22 in function domain::kani_proofs::assert_subscription_state_mapping

Check 9: domain::<impl std::convert::From<domain::ErrorCode> for i32>::from.unreachable.1
	 - Status: SUCCESS
	 - Description: "unreachable code"
	 - Location: rust/crates/actors/src/domain.rs:667:15 in function domain::<impl std::convert::From<domain::ErrorCode> for i32>::from

Check 10: domain::<impl std::convert::From<domain::SubscriptionState> for i32>::from.unreachable.1
	 - Status: SUCCESS
	 - Description: "unreachable code"
	 - Location: rust/crates/actors/src/domain.rs:517:15 in function domain::<impl std::convert::From<domain::SubscriptionState> for i32>::from

Check 11: domain::kani_proofs::assert_actor_state_mapping.unreachable.1
	 - Status: SUCCESS
	 - Description: "unreachable code"
	 - Location: rust/crates/actors/src/domain/kani_proofs.rs:56:1 in function domain::kani_proofs::assert_actor_state_mapping

Check 12: domain::kani_proofs::assert_actor_state_mapping.assertion.1
	 - Status: UNREACHABLE
	 - Description: "assertion failed: false"
	 - Location: rust/crates/actors/src/domain/kani_proofs.rs:61:13 in function domain::kani_proofs::assert_actor_state_mapping

Check 13: domain::kani_proofs::assert_actor_state_mapping.assertion.2
	 - Status: SUCCESS
	 - Description: "assertion failed: found == raw"
	 - Location: rust/crates/actors/src/domain/kani_proofs.rs:59:55 in function domain::kani_proofs::assert_actor_state_mapping

Check 14: domain::kani_proofs::assert_actor_state_mapping.assertion.3
	 - Status: SUCCESS
	 - Description: "assertion failed: i32::from(value) == raw"
	 - Location: rust/crates/actors/src/domain/kani_proofs.rs:58:22 in function domain::kani_proofs::assert_actor_state_mapping

Check 15: domain::<impl std::convert::From<domain::ActorState> for i32>::from.unreachable.1
	 - Status: SUCCESS
	 - Description: "unreachable code"
	 - Location: rust/crates/actors/src/domain.rs:656:15 in function domain::<impl std::convert::From<domain::ActorState> for i32>::from

Check 16: domain::kani_proofs::assert_error_code_mapping.pointer_dereference.1
	 - Status: SUCCESS
	 - Description: "dereference failure: dead object"
	 - Location: rust/crates/actors/src/domain/kani_proofs.rs:67:11 in function domain::kani_proofs::assert_error_code_mapping

Check 17: domain::kani_proofs::assert_actor_state_mapping.pointer_dereference.1
	 - Status: SUCCESS
	 - Description: "dereference failure: dead object"
	 - Location: rust/crates/actors/src/domain/kani_proofs.rs:57:11 in function domain::kani_proofs::assert_actor_state_mapping

Check 18: domain::kani_proofs::assert_subscription_state_mapping.pointer_dereference.1
	 - Status: SUCCESS
	 - Description: "dereference failure: dead object"
	 - Location: rust/crates/actors/src/domain/kani_proofs.rs:47:11 in function domain::kani_proofs::assert_subscription_state_mapping

Check 19: <domain::SubscriptionState as std::convert::TryFrom<i32>>::try_from.pointer_dereference.1
	 - Status: SUCCESS
	 - Description: "dereference failure: dead object"
	 - Location: rust/crates/actors/src/domain.rs:509:18 in function <domain::SubscriptionState as std::convert::TryFrom<i32>>::try_from

Check 20: <domain::SubscriptionState as std::convert::TryFrom<i32>>::try_from.pointer_dereference.2
	 - Status: SUCCESS
	 - Description: "dereference failure: dead object"
	 - Location: rust/crates/actors/src/domain.rs:508:18 in function <domain::SubscriptionState as std::convert::TryFrom<i32>>::try_from

Check 21: <domain::SubscriptionState as std::convert::TryFrom<i32>>::try_from.pointer_dereference.3
	 - Status: SUCCESS
	 - Description: "dereference failure: dead object"
	 - Location: rust/crates/actors/src/domain.rs:507:18 in function <domain::SubscriptionState as std::convert::TryFrom<i32>>::try_from

Check 22: <domain::ErrorCode as std::convert::TryFrom<i32>>::try_from.pointer_dereference.1
	 - Status: SUCCESS
	 - Description: "dereference failure: dead object"
	 - Location: rust/crates/actors/src/domain.rs:585:19 in function <domain::ErrorCode as std::convert::TryFrom<i32>>::try_from

Check 23: <domain::ErrorCode as std::convert::TryFrom<i32>>::try_from.pointer_dereference.2
	 - Status: SUCCESS
	 - Description: "dereference failure: dead object"
	 - Location: rust/crates/actors/src/domain.rs:584:18 in function <domain::ErrorCode as std::convert::TryFrom<i32>>::try_from

Check 24: <domain::ErrorCode as std::convert::TryFrom<i32>>::try_from.pointer_dereference.3
	 - Status: SUCCESS
	 - Description: "dereference failure: dead object"
	 - Location: rust/crates/actors/src/domain.rs:583:18 in function <domain::ErrorCode as std::convert::TryFrom<i32>>::try_from

Check 25: <domain::ErrorCode as std::convert::TryFrom<i32>>::try_from.pointer_dereference.4
	 - Status: SUCCESS
	 - Description: "dereference failure: dead object"
	 - Location: rust/crates/actors/src/domain.rs:582:18 in function <domain::ErrorCode as std::convert::TryFrom<i32>>::try_from

Check 26: <domain::ErrorCode as std::convert::TryFrom<i32>>::try_from.pointer_dereference.5
	 - Status: SUCCESS
	 - Description: "dereference failure: dead object"
	 - Location: rust/crates/actors/src/domain.rs:581:18 in function <domain::ErrorCode as std::convert::TryFrom<i32>>::try_from

Check 27: <domain::ErrorCode as std::convert::TryFrom<i32>>::try_from.pointer_dereference.6
	 - Status: SUCCESS
	 - Description: "dereference failure: dead object"
	 - Location: rust/crates/actors/src/domain.rs:580:18 in function <domain::ErrorCode as std::convert::TryFrom<i32>>::try_from

Check 28: <domain::ErrorCode as std::convert::TryFrom<i32>>::try_from.pointer_dereference.7
	 - Status: SUCCESS
	 - Description: "dereference failure: dead object"
	 - Location: rust/crates/actors/src/domain.rs:579:18 in function <domain::ErrorCode as std::convert::TryFrom<i32>>::try_from

Check 29: <domain::ErrorCode as std::convert::TryFrom<i32>>::try_from.pointer_dereference.8
	 - Status: SUCCESS
	 - Description: "dereference failure: dead object"
	 - Location: rust/crates/actors/src/domain.rs:578:18 in function <domain::ErrorCode as std::convert::TryFrom<i32>>::try_from

Check 30: <domain::ErrorCode as std::convert::TryFrom<i32>>::try_from.pointer_dereference.9
	 - Status: SUCCESS
	 - Description: "dereference failure: dead object"
	 - Location: rust/crates/actors/src/domain.rs:577:18 in function <domain::ErrorCode as std::convert::TryFrom<i32>>::try_from

Check 31: <domain::ErrorCode as std::convert::TryFrom<i32>>::try_from.pointer_dereference.10
	 - Status: SUCCESS
	 - Description: "dereference failure: dead object"
	 - Location: rust/crates/actors/src/domain.rs:576:18 in function <domain::ErrorCode as std::convert::TryFrom<i32>>::try_from

Check 32: <domain::ErrorCode as std::convert::TryFrom<i32>>::try_from.pointer_dereference.11
	 - Status: SUCCESS
	 - Description: "dereference failure: dead object"
	 - Location: rust/crates/actors/src/domain.rs:575:18 in function <domain::ErrorCode as std::convert::TryFrom<i32>>::try_from

Check 33: <domain::ActorState as std::convert::TryFrom<i32>>::try_from.pointer_dereference.1
	 - Status: SUCCESS
	 - Description: "dereference failure: dead object"
	 - Location: rust/crates/actors/src/domain.rs:648:18 in function <domain::ActorState as std::convert::TryFrom<i32>>::try_from

Check 34: <domain::ActorState as std::convert::TryFrom<i32>>::try_from.pointer_dereference.2
	 - Status: SUCCESS
	 - Description: "dereference failure: dead object"
	 - Location: rust/crates/actors/src/domain.rs:647:18 in function <domain::ActorState as std::convert::TryFrom<i32>>::try_from

Check 35: <domain::ActorState as std::convert::TryFrom<i32>>::try_from.pointer_dereference.3
	 - Status: SUCCESS
	 - Description: "dereference failure: dead object"
	 - Location: rust/crates/actors/src/domain.rs:646:18 in function <domain::ActorState as std::convert::TryFrom<i32>>::try_from

Check 36: <domain::ActorState as std::convert::TryFrom<i32>>::try_from.pointer_dereference.4
	 - Status: SUCCESS
	 - Description: "dereference failure: dead object"
	 - Location: rust/crates/actors/src/domain.rs:645:18 in function <domain::ActorState as std::convert::TryFrom<i32>>::try_from


SUMMARY:
 ** 0 of 36 failed (3 unreachable)

VERIFICATION:- SUCCESSFUL
Verification Time: 0.40466562s

Checking harness domain::kani_proofs::code_sha256_rejects_64_bytes...
CBMC 6.11.0 (cbmc-6.11.0)
CBMC version 6.11.0 (cbmc-6.11.0) 64-bit x86_64 linux
Reading GOTO program from file /mnt/q/sdk/work/foundation-kani-068/target/kani/x86_64-unknown-linux-gnu/debug/build/acyclic-actors/ae2293718f7a5da1/out/acyclic_actors-ae2293718f7a5da1__RNvNtNtCs1wciM17XTy0_14acyclic_actors6domain11kani_proofs28code_sha256_rejects_64_bytes.out
Generating GOTO Program
Adding CPROVER library (x86_64)
Removal of function pointers and virtual functions
Generic Property Instrumentation
Running with 16 object bits, 48 offset bits (user-specified)
Starting Bounded Model Checking
Runtime Symex: 0.0215672s
size of program expression: 1021 steps
slicing removed 781 assignments
Generated 2 VCC(s), 1 remaining after simplification
Runtime Postprocess Equation: 0.000660311s
Passing problem to propositional reduction
converting SSA
Runtime Convert SSA: 0.00497442s
Running propositional reduction
Post-processing
Runtime Post-process: 1.6394e-05s
Solving with CaDiCaL 3.0.0
130 variables, 130 clauses
SAT checker: instance is SATISFIABLE
Runtime Solver: 0.000811081s
Runtime decision procedure: 0.00648418s

RESULTS:
Check 1: kani::rustc_intrinsics::offset::<u8, *mut u8, usize>.safety_check.1
	 - Status: SUCCESS
	 - Description: "Offset in bytes overflows isize"
	 - Location: library/kani/src/lib.rs:57:1 in function kani::rustc_intrinsics::offset::<u8, *mut u8, usize>

Check 2: kani::rustc_intrinsics::offset::<u8, *mut u8, usize>.safety_check.2
	 - Status: SUCCESS
	 - Description: "Offset result address must equal original pointer address plus offset"
	 - Location: library/kani/src/lib.rs:57:1 in function kani::rustc_intrinsics::offset::<u8, *mut u8, usize>

Check 3: kani::rustc_intrinsics::offset::<u8, *mut u8, usize>.safety_check.3
	 - Status: SUCCESS
	 - Description: "Offset result and original pointer must point to the same allocation"
	 - Location: library/kani/src/lib.rs:57:1 in function kani::rustc_intrinsics::offset::<u8, *mut u8, usize>

Check 4: core::panicking::panic_nounwind_fmt::runtime.unsupported_construct.1
	 - Status: SUCCESS
	 - Description: "call to foreign "Rust" function `_RNvCskSgPeDzUGbv_7___rustc17rust_begin_unwind` is not currently supported by Kani. Please post your example at https://github.com/model-checking/kani/issues/new/choose"
	 - Location: ../../../../../../../../home/runner/.rustup/toolchains/nightly-2026-08-21-x86_64-unknown-linux-gnu/lib/rustlib/src/rust/library/core/src/panicking.rs:110:17 in function core::panicking::panic_nounwind_fmt::runtime

Check 5: std::ptr::NonNull::<u8>::as_ref::<'_>.safety_check.1
	 - Status: SUCCESS
	 - Description: "misaligned pointer to reference cast: address must be a multiple of its type's alignment"
	 - Location: ../../../../../../../../home/runner/.rustup/toolchains/nightly-2026-08-21-x86_64-unknown-linux-gnu/lib/rustlib/src/rust/library/core/src/ptr/non_null.rs:454:18 in function std::ptr::NonNull::<u8>::as_ref::<'_>

Check 6: std::ptr::NonNull::<u8>::as_ref::<'_>.safety_check.2
	 - Status: SUCCESS
	 - Description: "dereference failure: pointer invalid"
	 - Location: ../../../../../../../../home/runner/.rustup/toolchains/nightly-2026-08-21-x86_64-unknown-linux-gnu/lib/rustlib/src/rust/library/core/src/ptr/non_null.rs:454:18 in function std::ptr::NonNull::<u8>::as_ref::<'_>

Check 7: <usize as kani::rustc_intrinsics::ToISize>::to_isize.unreachable.1
	 - Status: SUCCESS
	 - Description: "unreachable code"
	 - Location: library/kani_core/src/models.rs:203:17 in function <usize as kani::rustc_intrinsics::ToISize>::to_isize

Check 8: <usize as kani::rustc_intrinsics::ToISize>::to_isize.safety_check.1
	 - Status: SUCCESS
	 - Description: "Offset value overflows isize"
	 - Location: library/kani/src/lib.rs:57:1 in function <usize as kani::rustc_intrinsics::ToISize>::to_isize

Check 9: <usize as kani::rustc_intrinsics::ToISize>::to_isize.assertion.1
	 - Status: SUCCESS
	 - Description: "internal error: entered unreachable code"
	 - Location: library/kani/src/lib.rs:57:1 in function <usize as kani::rustc_intrinsics::ToISize>::to_isize

Check 10: domain::kani_proofs::code_sha256_rejects_64_bytes.assertion.1
	 - Status: SUCCESS
	 - Description: "assertion failed: !valid_code_sha256(&bytes)"
	 - Location: rust/crates/actors/src/domain/kani_proofs.rs:43:5 in function domain::kani_proofs::code_sha256_rejects_64_bytes

Check 11: kani::mem::cbmc::same_allocation.unsupported_construct.1
	 - Status: SUCCESS
	 - Description: "Kani does not support reasoning about pointer to unallocated memory"
	 - Location: library/kani/src/lib.rs:57:1 in function kani::mem::cbmc::same_allocation

Check 12: std::panic::Location::<'_>::caller.unsupported_construct.1
	 - Status: SUCCESS
	 - Description: "caller_location is not currently supported by Kani. Please post your example at https://github.com/model-checking/kani/issues/374"
	 - Location: ../../../../../../../../home/runner/.rustup/toolchains/nightly-2026-08-21-x86_64-unknown-linux-gnu/lib/rustlib/src/rust/library/core/src/panic/location.rs:181:9 in function std::panic::Location::<'_>::caller

Check 13: core::num::<impl usize>::unchecked_sub.arithmetic_overflow.1
	 - Status: SUCCESS
	 - Description: "attempt to compute `unchecked_sub` which would overflow"
	 - Location: ../../../../../../../../home/runner/.rustup/toolchains/nightly-2026-08-21-x86_64-unknown-linux-gnu/lib/rustlib/src/rust/library/core/src/num/uint_macros.rs:1192:17 in function core::num::<impl usize>::unchecked_sub

Check 14: std::fmt::Arguments::<'_>::from_str.assertion.1
	 - Status: UNREACHABLE
	 - Description: "attempt to shift left with overflow"
	 - Location: ../../../../../../../../home/runner/.rustup/toolchains/nightly-2026-08-21-x86_64-unknown-linux-gnu/lib/rustlib/src/rust/library/core/src/fmt/mod.rs:820:38 in function std::fmt::Arguments::<'_>::from_str

Check 15: <std::slice::Iter<'_, u8> as std::iter::Iterator>::any::<{closure@rust/crates/actors/src/domain.rs:120:43: 120:49}>.unreachable.1
	 - Status: SUCCESS
	 - Description: "unreachable code"
	 - Location: ../../../../../../../../home/runner/.rustup/toolchains/nightly-2026-08-21-x86_64-unknown-linux-gnu/lib/rustlib/src/rust/library/core/src/slice/iter/macros.rs:321:13 in function <std::slice::Iter<'_, u8> as std::iter::Iterator>::any::<{closure@rust/crates/actors/src/domain.rs:120:43: 120:49}>

Check 16: <std::slice::Iter<'_, u8> as std::iter::Iterator>::any::<{closure@rust/crates/actors/src/domain.rs:120:43: 120:49}>.pointer_dereference.1
	 - Status: SUCCESS
	 - Description: "dereference failure: dead object"
	 - Location: ../../../../../../../../home/runner/.rustup/toolchains/nightly-2026-08-21-x86_64-unknown-linux-gnu/lib/rustlib/src/rust/library/core/src/slice/iter/macros.rs:326:37 in function <std::slice::Iter<'_, u8> as std::iter::Iterator>::any::<{closure@rust/crates/actors/src/domain.rs:120:43: 120:49}>

Check 17: domain::valid_code_sha256::{closure#0}.pointer_dereference.1
	 - Status: SUCCESS
	 - Description: "dereference failure: pointer NULL"
	 - Location: rust/crates/actors/src/domain.rs:120:50 in function domain::valid_code_sha256::{closure#0}

Check 18: domain::valid_code_sha256::{closure#0}.pointer_dereference.2
	 - Status: SUCCESS
	 - Description: "dereference failure: pointer invalid"
	 - Location: rust/crates/actors/src/domain.rs:120:50 in function domain::valid_code_sha256::{closure#0}

Check 19: domain::valid_code_sha256::{closure#0}.pointer_dereference.3
	 - Status: SUCCESS
	 - Description: "dereference failure: deallocated dynamic object"
	 - Location: rust/crates/actors/src/domain.rs:120:50 in function domain::valid_code_sha256::{closure#0}

Check 20: domain::valid_code_sha256::{closure#0}.pointer_dereference.4
	 - Status: SUCCESS
	 - Description: "dereference failure: dead object"
	 - Location: rust/crates/actors/src/domain.rs:120:50 in function domain::valid_code_sha256::{closure#0}

Check 21: domain::valid_code_sha256::{closure#0}.pointer_dereference.5
	 - Status: SUCCESS
	 - Description: "dereference failure: pointer outside object bounds"
	 - Location: rust/crates/actors/src/domain.rs:120:50 in function domain::valid_code_sha256::{closure#0}

Check 22: domain::valid_code_sha256::{closure#0}.pointer_dereference.6
	 - Status: SUCCESS
	 - Description: "dereference failure: invalid integer address"
	 - Location: rust/crates/actors/src/domain.rs:120:50 in function domain::valid_code_sha256::{closure#0}

Check 23: std::ptr::NonNull::<u8>::as_ref::<'_>.pointer_dereference.1
	 - Status: SUCCESS
	 - Description: "dereference failure: pointer NULL"
	 - Location: ../../../../../../../../home/runner/.rustup/toolchains/nightly-2026-08-21-x86_64-unknown-linux-gnu/lib/rustlib/src/rust/library/core/src/ptr/non_null.rs:454:20 in function std::ptr::NonNull::<u8>::as_ref::<'_>

Check 24: std::ptr::NonNull::<u8>::as_ref::<'_>.pointer_dereference.2
	 - Status: SUCCESS
	 - Description: "dereference failure: pointer invalid"
	 - Location: ../../../../../../../../home/runner/.rustup/toolchains/nightly-2026-08-21-x86_64-unknown-linux-gnu/lib/rustlib/src/rust/library/core/src/ptr/non_null.rs:454:20 in function std::ptr::NonNull::<u8>::as_ref::<'_>

Check 25: std::ptr::NonNull::<u8>::as_ref::<'_>.pointer_dereference.3
	 - Status: SUCCESS
	 - Description: "dereference failure: deallocated dynamic object"
	 - Location: ../../../../../../../../home/runner/.rustup/toolchains/nightly-2026-08-21-x86_64-unknown-linux-gnu/lib/rustlib/src/rust/library/core/src/ptr/non_null.rs:454:20 in function std::ptr::NonNull::<u8>::as_ref::<'_>

Check 26: std::ptr::NonNull::<u8>::as_ref::<'_>.pointer_dereference.4
	 - Status: SUCCESS
	 - Description: "dereference failure: dead object"
	 - Location: ../../../../../../../../home/runner/.rustup/toolchains/nightly-2026-08-21-x86_64-unknown-linux-gnu/lib/rustlib/src/rust/library/core/src/ptr/non_null.rs:454:20 in function std::ptr::NonNull::<u8>::as_ref::<'_>

Check 27: std::ptr::NonNull::<u8>::as_ref::<'_>.pointer_dereference.5
	 - Status: SUCCESS
	 - Description: "dereference failure: pointer outside object bounds"
	 - Location: ../../../../../../../../home/runner/.rustup/toolchains/nightly-2026-08-21-x86_64-unknown-linux-gnu/lib/rustlib/src/rust/library/core/src/ptr/non_null.rs:454:20 in function std::ptr::NonNull::<u8>::as_ref::<'_>

Check 28: std::ptr::NonNull::<u8>::as_ref::<'_>.pointer_dereference.6
	 - Status: SUCCESS
	 - Description: "dereference failure: invalid integer address"
	 - Location: ../../../../../../../../home/runner/.rustup/toolchains/nightly-2026-08-21-x86_64-unknown-linux-gnu/lib/rustlib/src/rust/library/core/src/ptr/non_null.rs:454:20 in function std::ptr::NonNull::<u8>::as_ref::<'_>

Check 29: <std::slice::Iter<'_, u8> as std::iter::Iterator>::next.pointer_dereference.1
	 - Status: SUCCESS
	 - Description: "dereference failure: pointer NULL"
	 - Location: ../../../../../../../../home/runner/.rustup/toolchains/nightly-2026-08-21-x86_64-unknown-linux-gnu/lib/rustlib/src/rust/library/core/src/slice/iter/macros.rs:161:27 in function <std::slice::Iter<'_, u8> as std::iter::Iterator>::next

Check 30: <std::slice::Iter<'_, u8> as std::iter::Iterator>::next.pointer_dereference.2
	 - Status: SUCCESS
	 - Description: "dereference failure: pointer invalid"
	 - Location: ../../../../../../../../home/runner/.rustup/toolchains/nightly-2026-08-21-x86_64-unknown-linux-gnu/lib/rustlib/src/rust/library/core/src/slice/iter/macros.rs:161:27 in function <std::slice::Iter<'_, u8> as std::iter::Iterator>::next

Check 31: <std::slice::Iter<'_, u8> as std::iter::Iterator>::next.pointer_dereference.3
	 - Status: SUCCESS
	 - Description: "dereference failure: deallocated dynamic object"
	 - Location: ../../../../../../../../home/runner/.rustup/toolchains/nightly-2026-08-21-x86_64-unknown-linux-gnu/lib/rustlib/src/rust/library/core/src/slice/iter/macros.rs:161:27 in function <std::slice::Iter<'_, u8> as std::iter::Iterator>::next

Check 32: <std::slice::Iter<'_, u8> as std::iter::Iterator>::next.pointer_dereference.4
	 - Status: SUCCESS
	 - Description: "dereference failure: dead object"
	 - Location: ../../../../../../../../home/runner/.rustup/toolchains/nightly-2026-08-21-x86_64-unknown-linux-gnu/lib/rustlib/src/rust/library/core/src/slice/iter/macros.rs:161:27 in function <std::slice::Iter<'_, u8> as std::iter::Iterator>::next

Check 33: <std::slice::Iter<'_, u8> as std::iter::Iterator>::next.pointer_dereference.5
	 - Status: SUCCESS
	 - Description: "dereference failure: pointer outside object bounds"
	 - Location: ../../../../../../../../home/runner/.rustup/toolchains/nightly-2026-08-21-x86_64-unknown-linux-gnu/lib/rustlib/src/rust/library/core/src/slice/iter/macros.rs:161:27 in function <std::slice::Iter<'_, u8> as std::iter::Iterator>::next

Check 34: <std::slice::Iter<'_, u8> as std::iter::Iterator>::next.pointer_dereference.6
	 - Status: SUCCESS
	 - Description: "dereference failure: invalid integer address"
	 - Location: ../../../../../../../../home/runner/.rustup/toolchains/nightly-2026-08-21-x86_64-unknown-linux-gnu/lib/rustlib/src/rust/library/core/src/slice/iter/macros.rs:161:27 in function <std::slice::Iter<'_, u8> as std::iter::Iterator>::next

Check 35: <std::slice::Iter<'_, u8> as std::iter::Iterator>::next.pointer_dereference.7
	 - Status: SUCCESS
	 - Description: "dereference failure: pointer NULL"
	 - Location: ../../../../../../../../home/runner/.rustup/toolchains/nightly-2026-08-21-x86_64-unknown-linux-gnu/lib/rustlib/src/rust/library/core/src/slice/iter/macros.rs:162:34 in function <std::slice::Iter<'_, u8> as std::iter::Iterator>::next

Check 36: <std::slice::Iter<'_, u8> as std::iter::Iterator>::next.pointer_dereference.8
	 - Status: SUCCESS
	 - Description: "dereference failure: pointer invalid"
	 - Location: ../../../../../../../../home/runner/.rustup/toolchains/nightly-2026-08-21-x86_64-unknown-linux-gnu/lib/rustlib/src/rust/library/core/src/slice/iter/macros.rs:162:34 in function <std::slice::Iter<'_, u8> as std::iter::Iterator>::next

Check 37: <std::slice::Iter<'_, u8> as std::iter::Iterator>::next.pointer_dereference.9
	 - Status: SUCCESS
	 - Description: "dereference failure: deallocated dynamic object"
	 - Location: ../../../../../../../../home/runner/.rustup/toolchains/nightly-2026-08-21-x86_64-unknown-linux-gnu/lib/rustlib/src/rust/library/core/src/slice/iter/macros.rs:162:34 in function <std::slice::Iter<'_, u8> as std::iter::Iterator>::next

Check 38: <std::slice::Iter<'_, u8> as std::iter::Iterator>::next.pointer_dereference.10
	 - Status: SUCCESS
	 - Description: "dereference failure: dead object"
	 - Location: ../../../../../../../../home/runner/.rustup/toolchains/nightly-2026-08-21-x86_64-unknown-linux-gnu/lib/rustlib/src/rust/library/core/src/slice/iter/macros.rs:162:34 in function <std::slice::Iter<'_, u8> as std::iter::Iterator>::next

Check 39: <std::slice::Iter<'_, u8> as std::iter::Iterator>::next.pointer_dereference.11
	 - Status: SUCCESS
	 - Description: "dereference failure: pointer outside object bounds"
	 - Location: ../../../../../../../../home/runner/.rustup/toolchains/nightly-2026-08-21-x86_64-unknown-linux-gnu/lib/rustlib/src/rust/library/core/src/slice/iter/macros.rs:162:34 in function <std::slice::Iter<'_, u8> as std::iter::Iterator>::next

Check 40: <std::slice::Iter<'_, u8> as std::iter::Iterator>::next.pointer_dereference.12
	 - Status: SUCCESS
	 - Description: "dereference failure: invalid integer address"
	 - Location: ../../../../../../../../home/runner/.rustup/toolchains/nightly-2026-08-21-x86_64-unknown-linux-gnu/lib/rustlib/src/rust/library/core/src/slice/iter/macros.rs:162:34 in function <std::slice::Iter<'_, u8> as std::iter::Iterator>::next

Check 41: <std::slice::Iter<'_, u8> as std::iter::Iterator>::next.pointer_dereference.13
	 - Status: SUCCESS
	 - Description: "dereference failure: dead object"
	 - Location: ../../../../../../../../home/runner/.rustup/toolchains/nightly-2026-08-21-x86_64-unknown-linux-gnu/lib/rustlib/src/rust/library/core/src/slice/iter/macros.rs:169:36 in function <std::slice::Iter<'_, u8> as std::iter::Iterator>::next

Check 42: <std::slice::Iter<'_, u8> as std::iter::Iterator>::next.pointer_dereference.14
	 - Status: SUCCESS
	 - Description: "dereference failure: pointer NULL"
	 - Location: ../../../../../../../../home/runner/.rustup/toolchains/nightly-2026-08-21-x86_64-unknown-linux-gnu/lib/rustlib/src/rust/library/core/src/slice/iter/macros.rs:175:25 in function <std::slice::Iter<'_, u8> as std::iter::Iterator>::next

Check 43: <std::slice::Iter<'_, u8> as std::iter::Iterator>::next.pointer_dereference.15
	 - Status: SUCCESS
	 - Description: "dereference failure: pointer invalid"
	 - Location: ../../../../../../../../home/runner/.rustup/toolchains/nightly-2026-08-21-x86_64-unknown-linux-gnu/lib/rustlib/src/rust/library/core/src/slice/iter/macros.rs:175:25 in function <std::slice::Iter<'_, u8> as std::iter::Iterator>::next

Check 44: <std::slice::Iter<'_, u8> as std::iter::Iterator>::next.pointer_dereference.16
	 - Status: SUCCESS
	 - Description: "dereference failure: deallocated dynamic object"
	 - Location: ../../../../../../../../home/runner/.rustup/toolchains/nightly-2026-08-21-x86_64-unknown-linux-gnu/lib/rustlib/src/rust/library/core/src/slice/iter/macros.rs:175:25 in function <std::slice::Iter<'_, u8> as std::iter::Iterator>::next

Check 45: <std::slice::Iter<'_, u8> as std::iter::Iterator>::next.pointer_dereference.17
	 - Status: SUCCESS
	 - Description: "dereference failure: dead object"
	 - Location: ../../../../../../../../home/runner/.rustup/toolchains/nightly-2026-08-21-x86_64-unknown-linux-gnu/lib/rustlib/src/rust/library/core/src/slice/iter/macros.rs:175:25 in function <std::slice::Iter<'_, u8> as std::iter::Iterator>::next

Check 46: <std::slice::Iter<'_, u8> as std::iter::Iterator>::next.pointer_dereference.18
	 - Status: SUCCESS
	 - Description: "dereference failure: pointer outside object bounds"
	 - Location: ../../../../../../../../home/runner/.rustup/toolchains/nightly-2026-08-21-x86_64-unknown-linux-gnu/lib/rustlib/src/rust/library/core/src/slice/iter/macros.rs:175:25 in function <std::slice::Iter<'_, u8> as std::iter::Iterator>::next

Check 47: <std::slice::Iter<'_, u8> as std::iter::Iterator>::next.pointer_dereference.19
	 - Status: SUCCESS
	 - Description: "dereference failure: invalid integer address"
	 - Location: ../../../../../../../../home/runner/.rustup/toolchains/nightly-2026-08-21-x86_64-unknown-linux-gnu/lib/rustlib/src/rust/library/core/src/slice/iter/macros.rs:175:25 in function <std::slice::Iter<'_, u8> as std::iter::Iterator>::next

Check 48: <std::slice::Iter<'_, u8> as std::iter::Iterator>::next.pointer_dereference.20
	 - Status: SUCCESS
	 - Description: "dereference failure: dead object"
	 - Location: ../../../../../../../../home/runner/.rustup/toolchains/nightly-2026-08-21-x86_64-unknown-linux-gnu/lib/rustlib/src/rust/library/core/src/slice/iter/macros.rs:181:36 in function <std::slice::Iter<'_, u8> as std::iter::Iterator>::next

Check 49: <std::slice::Iter<'_, u8> as std::iter::Iterator>::next.pointer_dereference.21
	 - Status: SUCCESS
	 - Description: "dereference failure: pointer NULL"
	 - Location: ../../../../../../../../home/runner/.rustup/toolchains/nightly-2026-08-21-x86_64-unknown-linux-gnu/lib/rustlib/src/rust/library/core/src/slice/iter/macros.rs:185:25 in function <std::slice::Iter<'_, u8> as std::iter::Iterator>::next

Check 50: <std::slice::Iter<'_, u8> as std::iter::Iterator>::next.pointer_dereference.22
	 - Status: SUCCESS
	 - Description: "dereference failure: pointer invalid"
	 - Location: ../../../../../../../../home/runner/.rustup/toolchains/nightly-2026-08-21-x86_64-unknown-linux-gnu/lib/rustlib/src/rust/library/core/src/slice/iter/macros.rs:185:25 in function <std::slice::Iter<'_, u8> as std::iter::Iterator>::next

Check 51: <std::slice::Iter<'_, u8> as std::iter::Iterator>::next.pointer_dereference.23
	 - Status: SUCCESS
	 - Description: "dereference failure: deallocated dynamic object"
	 - Location: ../../../../../../../../home/runner/.rustup/toolchains/nightly-2026-08-21-x86_64-unknown-linux-gnu/lib/rustlib/src/rust/library/core/src/slice/iter/macros.rs:185:25 in function <std::slice::Iter<'_, u8> as std::iter::Iterator>::next

Check 52: <std::slice::Iter<'_, u8> as std::iter::Iterator>::next.pointer_dereference.24
	 - Status: SUCCESS
	 - Description: "dereference failure: dead object"
	 - Location: ../../../../../../../../home/runner/.rustup/toolchains/nightly-2026-08-21-x86_64-unknown-linux-gnu/lib/rustlib/src/rust/library/core/src/slice/iter/macros.rs:185:25 in function <std::slice::Iter<'_, u8> as std::iter::Iterator>::next

Check 53: <std::slice::Iter<'_, u8> as std::iter::Iterator>::next.pointer_dereference.25
	 - Status: SUCCESS
	 - Description: "dereference failure: pointer outside object bounds"
	 - Location: ../../../../../../../../home/runner/.rustup/toolchains/nightly-2026-08-21-x86_64-unknown-linux-gnu/lib/rustlib/src/rust/library/core/src/slice/iter/macros.rs:185:25 in function <std::slice::Iter<'_, u8> as std::iter::Iterator>::next

Check 54: <std::slice::Iter<'_, u8> as std::iter::Iterator>::next.pointer_dereference.26
	 - Status: SUCCESS
	 - Description: "dereference failure: invalid integer address"
	 - Location: ../../../../../../../../home/runner/.rustup/toolchains/nightly-2026-08-21-x86_64-unknown-linux-gnu/lib/rustlib/src/rust/library/core/src/slice/iter/macros.rs:185:25 in function <std::slice::Iter<'_, u8> as std::iter::Iterator>::next

Check 55: <std::ptr::NonNull<u8> as std::cmp::PartialEq>::eq.pointer_dereference.1
	 - Status: SUCCESS
	 - Description: "dereference failure: pointer NULL"
	 - Location: ../../../../../../../../home/runner/.rustup/toolchains/nightly-2026-08-21-x86_64-unknown-linux-gnu/lib/rustlib/src/rust/library/core/src/ptr/non_null.rs:1663:9 in function <std::ptr::NonNull<u8> as std::cmp::PartialEq>::eq

Check 56: <std::ptr::NonNull<u8> as std::cmp::PartialEq>::eq.pointer_dereference.2
	 - Status: SUCCESS
	 - Description: "dereference failure: pointer invalid"
	 - Location: ../../../../../../../../home/runner/.rustup/toolchains/nightly-2026-08-21-x86_64-unknown-linux-gnu/lib/rustlib/src/rust/library/core/src/ptr/non_null.rs:1663:9 in function <std::ptr::NonNull<u8> as std::cmp::PartialEq>::eq

Check 57: <std::ptr::NonNull<u8> as std::cmp::PartialEq>::eq.pointer_dereference.3
	 - Status: SUCCESS
	 - Description: "dereference failure: deallocated dynamic object"
	 - Location: ../../../../../../../../home/runner/.rustup/toolchains/nightly-2026-08-21-x86_64-unknown-linux-gnu/lib/rustlib/src/rust/library/core/src/ptr/non_null.rs:1663:9 in function <std::ptr::NonNull<u8> as std::cmp::PartialEq>::eq

Check 58: <std::ptr::NonNull<u8> as std::cmp::PartialEq>::eq.pointer_dereference.4
	 - Status: SUCCESS
	 - Description: "dereference failure: dead object"
	 - Location: ../../../../../../../../home/runner/.rustup/toolchains/nightly-2026-08-21-x86_64-unknown-linux-gnu/lib/rustlib/src/rust/library/core/src/ptr/non_null.rs:1663:9 in function <std::ptr::NonNull<u8> as std::cmp::PartialEq>::eq

Check 59: <std::ptr::NonNull<u8> as std::cmp::PartialEq>::eq.pointer_dereference.5
	 - Status: SUCCESS
	 - Description: "dereference failure: pointer outside object bounds"
	 - Location: ../../../../../../../../home/runner/.rustup/toolchains/nightly-2026-08-21-x86_64-unknown-linux-gnu/lib/rustlib/src/rust/library/core/src/ptr/non_null.rs:1663:9 in function <std::ptr::NonNull<u8> as std::cmp::PartialEq>::eq

Check 60: <std::ptr::NonNull<u8> as std::cmp::PartialEq>::eq.pointer_dereference.6
	 - Status: SUCCESS
	 - Description: "dereference failure: invalid integer address"
	 - Location: ../../../../../../../../home/runner/.rustup/toolchains/nightly-2026-08-21-x86_64-unknown-linux-gnu/lib/rustlib/src/rust/library/core/src/ptr/non_null.rs:1663:9 in function <std::ptr::NonNull<u8> as std::cmp::PartialEq>::eq

Check 61: <std::ptr::NonNull<u8> as std::cmp::PartialEq>::eq.pointer_dereference.7
	 - Status: SUCCESS
	 - Description: "dereference failure: pointer NULL"
	 - Location: ../../../../../../../../home/runner/.rustup/toolchains/nightly-2026-08-21-x86_64-unknown-linux-gnu/lib/rustlib/src/rust/library/core/src/ptr/non_null.rs:1663:26 in function <std::ptr::NonNull<u8> as std::cmp::PartialEq>::eq

Check 62: <std::ptr::NonNull<u8> as std::cmp::PartialEq>::eq.pointer_dereference.8
	 - Status: SUCCESS
	 - Description: "dereference failure: pointer invalid"
	 - Location: ../../../../../../../../home/runner/.rustup/toolchains/nightly-2026-08-21-x86_64-unknown-linux-gnu/lib/rustlib/src/rust/library/core/src/ptr/non_null.rs:1663:26 in function <std::ptr::NonNull<u8> as std::cmp::PartialEq>::eq

Check 63: <std::ptr::NonNull<u8> as std::cmp::PartialEq>::eq.pointer_dereference.9
	 - Status: SUCCESS
	 - Description: "dereference failure: deallocated dynamic object"
	 - Location: ../../../../../../../../home/runner/.rustup/toolchains/nightly-2026-08-21-x86_64-unknown-linux-gnu/lib/rustlib/src/rust/library/core/src/ptr/non_null.rs:1663:26 in function <std::ptr::NonNull<u8> as std::cmp::PartialEq>::eq

Check 64: <std::ptr::NonNull<u8> as std::cmp::PartialEq>::eq.pointer_dereference.10
	 - Status: SUCCESS
	 - Description: "dereference failure: dead object"
	 - Location: ../../../../../../../../home/runner/.rustup/toolchains/nightly-2026-08-21-x86_64-unknown-linux-gnu/lib/rustlib/src/rust/library/core/src/ptr/non_null.rs:1663:26 in function <std::ptr::NonNull<u8> as std::cmp::PartialEq>::eq

Check 65: <std::ptr::NonNull<u8> as std::cmp::PartialEq>::eq.pointer_dereference.11
	 - Status: SUCCESS
	 - Description: "dereference failure: pointer outside object bounds"
	 - Location: ../../../../../../../../home/runner/.rustup/toolchains/nightly-2026-08-21-x86_64-unknown-linux-gnu/lib/rustlib/src/rust/library/core/src/ptr/non_null.rs:1663:26 in function <std::ptr::NonNull<u8> as std::cmp::PartialEq>::eq

Check 66: <std::ptr::NonNull<u8> as std::cmp::PartialEq>::eq.pointer_dereference.12
	 - Status: SUCCESS
	 - Description: "dereference failure: invalid integer address"
	 - Location: ../../../../../../../../home/runner/.rustup/toolchains/nightly-2026-08-21-x86_64-unknown-linux-gnu/lib/rustlib/src/rust/library/core/src/ptr/non_null.rs:1663:26 in function <std::ptr::NonNull<u8> as std::cmp::PartialEq>::eq


SUMMARY:
 ** 0 of 66 failed (1 unreachable)

VERIFICATION:- SUCCESSFUL
Verification Time: 0.14626937s

Checking harness domain::kani_proofs::code_sha256_rejects_33_bytes...
CBMC 6.11.0 (cbmc-6.11.0)
CBMC version 6.11.0 (cbmc-6.11.0) 64-bit x86_64 linux
Reading GOTO program from file /mnt/q/sdk/work/foundation-kani-068/target/kani/x86_64-unknown-linux-gnu/debug/build/acyclic-actors/ae2293718f7a5da1/out/acyclic_actors-ae2293718f7a5da1__RNvNtNtCs1wciM17XTy0_14acyclic_actors6domain11kani_proofs28code_sha256_rejects_33_bytes.out
Generating GOTO Program
Adding CPROVER library (x86_64)
Removal of function pointers and virtual functions
Generic Property Instrumentation
Running with 16 object bits, 48 offset bits (user-specified)
Starting Bounded Model Checking
Runtime Symex: 0.032255s
size of program expression: 711 steps
slicing removed 502 assignments
Generated 2 VCC(s), 1 remaining after simplification
Runtime Postprocess Equation: 0.00164239s
Passing problem to propositional reduction
converting SSA
Runtime Convert SSA: 0.00490139s
Running propositional reduction
Post-processing
Runtime Post-process: 1.4761e-05s
Solving with CaDiCaL 3.0.0
130 variables, 130 clauses
SAT checker: instance is SATISFIABLE
Runtime Solver: 0.00173201s
Runtime decision procedure: 0.010176s

RESULTS:
Check 1: std::ptr::NonNull::<u8>::as_ref::<'_>.safety_check.1
	 - Status: SUCCESS
	 - Description: "misaligned pointer to reference cast: address must be a multiple of its type's alignment"
	 - Location: ../../../../../../../../home/runner/.rustup/toolchains/nightly-2026-08-21-x86_64-unknown-linux-gnu/lib/rustlib/src/rust/library/core/src/ptr/non_null.rs:454:18 in function std::ptr::NonNull::<u8>::as_ref::<'_>

Check 2: std::ptr::NonNull::<u8>::as_ref::<'_>.safety_check.2
	 - Status: SUCCESS
	 - Description: "dereference failure: pointer invalid"
	 - Location: ../../../../../../../../home/runner/.rustup/toolchains/nightly-2026-08-21-x86_64-unknown-linux-gnu/lib/rustlib/src/rust/library/core/src/ptr/non_null.rs:454:18 in function std::ptr::NonNull::<u8>::as_ref::<'_>

Check 3: kani::mem::cbmc::same_allocation.unsupported_construct.1
	 - Status: SUCCESS
	 - Description: "Kani does not support reasoning about pointer to unallocated memory"
	 - Location: library/kani/src/lib.rs:57:1 in function kani::mem::cbmc::same_allocation

Check 4: std::fmt::Arguments::<'_>::from_str.assertion.1
	 - Status: UNREACHABLE
	 - Description: "attempt to shift left with overflow"
	 - Location: ../../../../../../../../home/runner/.rustup/toolchains/nightly-2026-08-21-x86_64-unknown-linux-gnu/lib/rustlib/src/rust/library/core/src/fmt/mod.rs:820:38 in function std::fmt::Arguments::<'_>::from_str

Check 5: std::panic::Location::<'_>::caller.unsupported_construct.1
	 - Status: SUCCESS
	 - Description: "caller_location is not currently supported by Kani. Please post your example at https://github.com/model-checking/kani/issues/374"
	 - Location: ../../../../../../../../home/runner/.rustup/toolchains/nightly-2026-08-21-x86_64-unknown-linux-gnu/lib/rustlib/src/rust/library/core/src/panic/location.rs:181:9 in function std::panic::Location::<'_>::caller

Check 6: <std::slice::Iter<'_, u8> as std::iter::Iterator>::any::<{closure@rust/crates/actors/src/domain.rs:120:43: 120:49}>.unreachable.1
	 - Status: SUCCESS
	 - Description: "unreachable code"
	 - Location: ../../../../../../../../home/runner/.rustup/toolchains/nightly-2026-08-21-x86_64-unknown-linux-gnu/lib/rustlib/src/rust/library/core/src/slice/iter/macros.rs:321:13 in function <std::slice::Iter<'_, u8> as std::iter::Iterator>::any::<{closure@rust/crates/actors/src/domain.rs:120:43: 120:49}>

Check 7: kani::rustc_intrinsics::offset::<u8, *mut u8, usize>.safety_check.1
	 - Status: SUCCESS
	 - Description: "Offset in bytes overflows isize"
	 - Location: library/kani/src/lib.rs:57:1 in function kani::rustc_intrinsics::offset::<u8, *mut u8, usize>

Check 8: kani::rustc_intrinsics::offset::<u8, *mut u8, usize>.safety_check.2
	 - Status: SUCCESS
	 - Description: "Offset result address must equal original pointer address plus offset"
	 - Location: library/kani/src/lib.rs:57:1 in function kani::rustc_intrinsics::offset::<u8, *mut u8, usize>

Check 9: kani::rustc_intrinsics::offset::<u8, *mut u8, usize>.safety_check.3
	 - Status: SUCCESS
	 - Description: "Offset result and original pointer must point to the same allocation"
	 - Location: library/kani/src/lib.rs:57:1 in function kani::rustc_intrinsics::offset::<u8, *mut u8, usize>

Check 10: <usize as kani::rustc_intrinsics::ToISize>::to_isize.unreachable.1
	 - Status: SUCCESS
	 - Description: "unreachable code"
	 - Location: library/kani_core/src/models.rs:203:17 in function <usize as kani::rustc_intrinsics::ToISize>::to_isize

Check 11: <usize as kani::rustc_intrinsics::ToISize>::to_isize.safety_check.1
	 - Status: SUCCESS
	 - Description: "Offset value overflows isize"
	 - Location: library/kani/src/lib.rs:57:1 in function <usize as kani::rustc_intrinsics::ToISize>::to_isize

Check 12: <usize as kani::rustc_intrinsics::ToISize>::to_isize.assertion.1
	 - Status: SUCCESS
	 - Description: "internal error: entered unreachable code"
	 - Location: library/kani/src/lib.rs:57:1 in function <usize as kani::rustc_intrinsics::ToISize>::to_isize

Check 13: domain::kani_proofs::code_sha256_rejects_33_bytes.assertion.1
	 - Status: SUCCESS
	 - Description: "assertion failed: !valid_code_sha256(&bytes)"
	 - Location: rust/crates/actors/src/domain/kani_proofs.rs:36:5 in function domain::kani_proofs::code_sha256_rejects_33_bytes

Check 14: core::panicking::panic_nounwind_fmt::runtime.unsupported_construct.1
	 - Status: SUCCESS
	 - Description: "call to foreign "Rust" function `_RNvCskSgPeDzUGbv_7___rustc17rust_begin_unwind` is not currently supported by Kani. Please post your example at https://github.com/model-checking/kani/issues/new/choose"
	 - Location: ../../../../../../../../home/runner/.rustup/toolchains/nightly-2026-08-21-x86_64-unknown-linux-gnu/lib/rustlib/src/rust/library/core/src/panicking.rs:110:17 in function core::panicking::panic_nounwind_fmt::runtime

Check 15: core::num::<impl usize>::unchecked_sub.arithmetic_overflow.1
	 - Status: SUCCESS
	 - Description: "attempt to compute `unchecked_sub` which would overflow"
	 - Location: ../../../../../../../../home/runner/.rustup/toolchains/nightly-2026-08-21-x86_64-unknown-linux-gnu/lib/rustlib/src/rust/library/core/src/num/uint_macros.rs:1192:17 in function core::num::<impl usize>::unchecked_sub

Check 16: <std::slice::Iter<'_, u8> as std::iter::Iterator>::any::<{closure@rust/crates/actors/src/domain.rs:120:43: 120:49}>.pointer_dereference.1
	 - Status: SUCCESS
	 - Description: "dereference failure: dead object"
	 - Location: ../../../../../../../../home/runner/.rustup/toolchains/nightly-2026-08-21-x86_64-unknown-linux-gnu/lib/rustlib/src/rust/library/core/src/slice/iter/macros.rs:326:37 in function <std::slice::Iter<'_, u8> as std::iter::Iterator>::any::<{closure@rust/crates/actors/src/domain.rs:120:43: 120:49}>

Check 17: domain::valid_code_sha256::{closure#0}.pointer_dereference.1
	 - Status: SUCCESS
	 - Description: "dereference failure: pointer NULL"
	 - Location: rust/crates/actors/src/domain.rs:120:50 in function domain::valid_code_sha256::{closure#0}

Check 18: domain::valid_code_sha256::{closure#0}.pointer_dereference.2
	 - Status: SUCCESS
	 - Description: "dereference failure: pointer invalid"
	 - Location: rust/crates/actors/src/domain.rs:120:50 in function domain::valid_code_sha256::{closure#0}

Check 19: domain::valid_code_sha256::{closure#0}.pointer_dereference.3
	 - Status: SUCCESS
	 - Description: "dereference failure: deallocated dynamic object"
	 - Location: rust/crates/actors/src/domain.rs:120:50 in function domain::valid_code_sha256::{closure#0}

Check 20: domain::valid_code_sha256::{closure#0}.pointer_dereference.4
	 - Status: SUCCESS
	 - Description: "dereference failure: dead object"
	 - Location: rust/crates/actors/src/domain.rs:120:50 in function domain::valid_code_sha256::{closure#0}

Check 21: domain::valid_code_sha256::{closure#0}.pointer_dereference.5
	 - Status: SUCCESS
	 - Description: "dereference failure: pointer outside object bounds"
	 - Location: rust/crates/actors/src/domain.rs:120:50 in function domain::valid_code_sha256::{closure#0}

Check 22: domain::valid_code_sha256::{closure#0}.pointer_dereference.6
	 - Status: SUCCESS
	 - Description: "dereference failure: invalid integer address"
	 - Location: rust/crates/actors/src/domain.rs:120:50 in function domain::valid_code_sha256::{closure#0}

Check 23: std::ptr::NonNull::<u8>::as_ref::<'_>.pointer_dereference.1
	 - Status: SUCCESS
	 - Description: "dereference failure: pointer NULL"
	 - Location: ../../../../../../../../home/runner/.rustup/toolchains/nightly-2026-08-21-x86_64-unknown-linux-gnu/lib/rustlib/src/rust/library/core/src/ptr/non_null.rs:454:20 in function std::ptr::NonNull::<u8>::as_ref::<'_>

Check 24: std::ptr::NonNull::<u8>::as_ref::<'_>.pointer_dereference.2
	 - Status: SUCCESS
	 - Description: "dereference failure: pointer invalid"
	 - Location: ../../../../../../../../home/runner/.rustup/toolchains/nightly-2026-08-21-x86_64-unknown-linux-gnu/lib/rustlib/src/rust/library/core/src/ptr/non_null.rs:454:20 in function std::ptr::NonNull::<u8>::as_ref::<'_>

Check 25: std::ptr::NonNull::<u8>::as_ref::<'_>.pointer_dereference.3
	 - Status: SUCCESS
	 - Description: "dereference failure: deallocated dynamic object"
	 - Location: ../../../../../../../../home/runner/.rustup/toolchains/nightly-2026-08-21-x86_64-unknown-linux-gnu/lib/rustlib/src/rust/library/core/src/ptr/non_null.rs:454:20 in function std::ptr::NonNull::<u8>::as_ref::<'_>

Check 26: std::ptr::NonNull::<u8>::as_ref::<'_>.pointer_dereference.4
	 - Status: SUCCESS
	 - Description: "dereference failure: dead object"
	 - Location: ../../../../../../../../home/runner/.rustup/toolchains/nightly-2026-08-21-x86_64-unknown-linux-gnu/lib/rustlib/src/rust/library/core/src/ptr/non_null.rs:454:20 in function std::ptr::NonNull::<u8>::as_ref::<'_>

Check 27: std::ptr::NonNull::<u8>::as_ref::<'_>.pointer_dereference.5
	 - Status: SUCCESS
	 - Description: "dereference failure: pointer outside object bounds"
	 - Location: ../../../../../../../../home/runner/.rustup/toolchains/nightly-2026-08-21-x86_64-unknown-linux-gnu/lib/rustlib/src/rust/library/core/src/ptr/non_null.rs:454:20 in function std::ptr::NonNull::<u8>::as_ref::<'_>

Check 28: std::ptr::NonNull::<u8>::as_ref::<'_>.pointer_dereference.6
	 - Status: SUCCESS
	 - Description: "dereference failure: invalid integer address"
	 - Location: ../../../../../../../../home/runner/.rustup/toolchains/nightly-2026-08-21-x86_64-unknown-linux-gnu/lib/rustlib/src/rust/library/core/src/ptr/non_null.rs:454:20 in function std::ptr::NonNull::<u8>::as_ref::<'_>

Check 29: <std::slice::Iter<'_, u8> as std::iter::Iterator>::next.pointer_dereference.1
	 - Status: SUCCESS
	 - Description: "dereference failure: pointer NULL"
	 - Location: ../../../../../../../../home/runner/.rustup/toolchains/nightly-2026-08-21-x86_64-unknown-linux-gnu/lib/rustlib/src/rust/library/core/src/slice/iter/macros.rs:161:27 in function <std::slice::Iter<'_, u8> as std::iter::Iterator>::next

Check 30: <std::slice::Iter<'_, u8> as std::iter::Iterator>::next.pointer_dereference.2
	 - Status: SUCCESS
	 - Description: "dereference failure: pointer invalid"
	 - Location: ../../../../../../../../home/runner/.rustup/toolchains/nightly-2026-08-21-x86_64-unknown-linux-gnu/lib/rustlib/src/rust/library/core/src/slice/iter/macros.rs:161:27 in function <std::slice::Iter<'_, u8> as std::iter::Iterator>::next

Check 31: <std::slice::Iter<'_, u8> as std::iter::Iterator>::next.pointer_dereference.3
	 - Status: SUCCESS
	 - Description: "dereference failure: deallocated dynamic object"
	 - Location: ../../../../../../../../home/runner/.rustup/toolchains/nightly-2026-08-21-x86_64-unknown-linux-gnu/lib/rustlib/src/rust/library/core/src/slice/iter/macros.rs:161:27 in function <std::slice::Iter<'_, u8> as std::iter::Iterator>::next

Check 32: <std::slice::Iter<'_, u8> as std::iter::Iterator>::next.pointer_dereference.4
	 - Status: SUCCESS
	 - Description: "dereference failure: dead object"
	 - Location: ../../../../../../../../home/runner/.rustup/toolchains/nightly-2026-08-21-x86_64-unknown-linux-gnu/lib/rustlib/src/rust/library/core/src/slice/iter/macros.rs:161:27 in function <std::slice::Iter<'_, u8> as std::iter::Iterator>::next

Check 33: <std::slice::Iter<'_, u8> as std::iter::Iterator>::next.pointer_dereference.5
	 - Status: SUCCESS
	 - Description: "dereference failure: pointer outside object bounds"
	 - Location: ../../../../../../../../home/runner/.rustup/toolchains/nightly-2026-08-21-x86_64-unknown-linux-gnu/lib/rustlib/src/rust/library/core/src/slice/iter/macros.rs:161:27 in function <std::slice::Iter<'_, u8> as std::iter::Iterator>::next

Check 34: <std::slice::Iter<'_, u8> as std::iter::Iterator>::next.pointer_dereference.6
	 - Status: SUCCESS
	 - Description: "dereference failure: invalid integer address"
	 - Location: ../../../../../../../../home/runner/.rustup/toolchains/nightly-2026-08-21-x86_64-unknown-linux-gnu/lib/rustlib/src/rust/library/core/src/slice/iter/macros.rs:161:27 in function <std::slice::Iter<'_, u8> as std::iter::Iterator>::next

Check 35: <std::slice::Iter<'_, u8> as std::iter::Iterator>::next.pointer_dereference.7
	 - Status: SUCCESS
	 - Description: "dereference failure: pointer NULL"
	 - Location: ../../../../../../../../home/runner/.rustup/toolchains/nightly-2026-08-21-x86_64-unknown-linux-gnu/lib/rustlib/src/rust/library/core/src/slice/iter/macros.rs:162:34 in function <std::slice::Iter<'_, u8> as std::iter::Iterator>::next

Check 36: <std::slice::Iter<'_, u8> as std::iter::Iterator>::next.pointer_dereference.8
	 - Status: SUCCESS
	 - Description: "dereference failure: pointer invalid"
	 - Location: ../../../../../../../../home/runner/.rustup/toolchains/nightly-2026-08-21-x86_64-unknown-linux-gnu/lib/rustlib/src/rust/library/core/src/slice/iter/macros.rs:162:34 in function <std::slice::Iter<'_, u8> as std::iter::Iterator>::next

Check 37: <std::slice::Iter<'_, u8> as std::iter::Iterator>::next.pointer_dereference.9
	 - Status: SUCCESS
	 - Description: "dereference failure: deallocated dynamic object"
	 - Location: ../../../../../../../../home/runner/.rustup/toolchains/nightly-2026-08-21-x86_64-unknown-linux-gnu/lib/rustlib/src/rust/library/core/src/slice/iter/macros.rs:162:34 in function <std::slice::Iter<'_, u8> as std::iter::Iterator>::next

Check 38: <std::slice::Iter<'_, u8> as std::iter::Iterator>::next.pointer_dereference.10
	 - Status: SUCCESS
	 - Description: "dereference failure: dead object"
	 - Location: ../../../../../../../../home/runner/.rustup/toolchains/nightly-2026-08-21-x86_64-unknown-linux-gnu/lib/rustlib/src/rust/library/core/src/slice/iter/macros.rs:162:34 in function <std::slice::Iter<'_, u8> as std::iter::Iterator>::next

Check 39: <std::slice::Iter<'_, u8> as std::iter::Iterator>::next.pointer_dereference.11
	 - Status: SUCCESS
	 - Description: "dereference failure: pointer outside object bounds"
	 - Location: ../../../../../../../../home/runner/.rustup/toolchains/nightly-2026-08-21-x86_64-unknown-linux-gnu/lib/rustlib/src/rust/library/core/src/slice/iter/macros.rs:162:34 in function <std::slice::Iter<'_, u8> as std::iter::Iterator>::next

Check 40: <std::slice::Iter<'_, u8> as std::iter::Iterator>::next.pointer_dereference.12
	 - Status: SUCCESS
	 - Description: "dereference failure: invalid integer address"
	 - Location: ../../../../../../../../home/runner/.rustup/toolchains/nightly-2026-08-21-x86_64-unknown-linux-gnu/lib/rustlib/src/rust/library/core/src/slice/iter/macros.rs:162:34 in function <std::slice::Iter<'_, u8> as std::iter::Iterator>::next

Check 41: <std::slice::Iter<'_, u8> as std::iter::Iterator>::next.pointer_dereference.13
	 - Status: SUCCESS
	 - Description: "dereference failure: dead object"
	 - Location: ../../../../../../../../home/runner/.rustup/toolchains/nightly-2026-08-21-x86_64-unknown-linux-gnu/lib/rustlib/src/rust/library/core/src/slice/iter/macros.rs:169:36 in function <std::slice::Iter<'_, u8> as std::iter::Iterator>::next

Check 42: <std::slice::Iter<'_, u8> as std::iter::Iterator>::next.pointer_dereference.14
	 - Status: SUCCESS
	 - Description: "dereference failure: pointer NULL"
	 - Location: ../../../../../../../../home/runner/.rustup/toolchains/nightly-2026-08-21-x86_64-unknown-linux-gnu/lib/rustlib/src/rust/library/core/src/slice/iter/macros.rs:175:25 in function <std::slice::Iter<'_, u8> as std::iter::Iterator>::next

Check 43: <std::slice::Iter<'_, u8> as std::iter::Iterator>::next.pointer_dereference.15
	 - Status: SUCCESS
	 - Description: "dereference failure: pointer invalid"
	 - Location: ../../../../../../../../home/runner/.rustup/toolchains/nightly-2026-08-21-x86_64-unknown-linux-gnu/lib/rustlib/src/rust/library/core/src/slice/iter/macros.rs:175:25 in function <std::slice::Iter<'_, u8> as std::iter::Iterator>::next

Check 44: <std::slice::Iter<'_, u8> as std::iter::Iterator>::next.pointer_dereference.16
	 - Status: SUCCESS
	 - Description: "dereference failure: deallocated dynamic object"
	 - Location: ../../../../../../../../home/runner/.rustup/toolchains/nightly-2026-08-21-x86_64-unknown-linux-gnu/lib/rustlib/src/rust/library/core/src/slice/iter/macros.rs:175:25 in function <std::slice::Iter<'_, u8> as std::iter::Iterator>::next

Check 45: <std::slice::Iter<'_, u8> as std::iter::Iterator>::next.pointer_dereference.17
	 - Status: SUCCESS
	 - Description: "dereference failure: dead object"
	 - Location: ../../../../../../../../home/runner/.rustup/toolchains/nightly-2026-08-21-x86_64-unknown-linux-gnu/lib/rustlib/src/rust/library/core/src/slice/iter/macros.rs:175:25 in function <std::slice::Iter<'_, u8> as std::iter::Iterator>::next

Check 46: <std::slice::Iter<'_, u8> as std::iter::Iterator>::next.pointer_dereference.18
	 - Status: SUCCESS
	 - Description: "dereference failure: pointer outside object bounds"
	 - Location: ../../../../../../../../home/runner/.rustup/toolchains/nightly-2026-08-21-x86_64-unknown-linux-gnu/lib/rustlib/src/rust/library/core/src/slice/iter/macros.rs:175:25 in function <std::slice::Iter<'_, u8> as std::iter::Iterator>::next

Check 47: <std::slice::Iter<'_, u8> as std::iter::Iterator>::next.pointer_dereference.19
	 - Status: SUCCESS
	 - Description: "dereference failure: invalid integer address"
	 - Location: ../../../../../../../../home/runner/.rustup/toolchains/nightly-2026-08-21-x86_64-unknown-linux-gnu/lib/rustlib/src/rust/library/core/src/slice/iter/macros.rs:175:25 in function <std::slice::Iter<'_, u8> as std::iter::Iterator>::next

Check 48: <std::slice::Iter<'_, u8> as std::iter::Iterator>::next.pointer_dereference.20
	 - Status: SUCCESS
	 - Description: "dereference failure: dead object"
	 - Location: ../../../../../../../../home/runner/.rustup/toolchains/nightly-2026-08-21-x86_64-unknown-linux-gnu/lib/rustlib/src/rust/library/core/src/slice/iter/macros.rs:181:36 in function <std::slice::Iter<'_, u8> as std::iter::Iterator>::next

Check 49: <std::slice::Iter<'_, u8> as std::iter::Iterator>::next.pointer_dereference.21
	 - Status: SUCCESS
	 - Description: "dereference failure: pointer NULL"
	 - Location: ../../../../../../../../home/runner/.rustup/toolchains/nightly-2026-08-21-x86_64-unknown-linux-gnu/lib/rustlib/src/rust/library/core/src/slice/iter/macros.rs:185:25 in function <std::slice::Iter<'_, u8> as std::iter::Iterator>::next

Check 50: <std::slice::Iter<'_, u8> as std::iter::Iterator>::next.pointer_dereference.22
	 - Status: SUCCESS
	 - Description: "dereference failure: pointer invalid"
	 - Location: ../../../../../../../../home/runner/.rustup/toolchains/nightly-2026-08-21-x86_64-unknown-linux-gnu/lib/rustlib/src/rust/library/core/src/slice/iter/macros.rs:185:25 in function <std::slice::Iter<'_, u8> as std::iter::Iterator>::next

Check 51: <std::slice::Iter<'_, u8> as std::iter::Iterator>::next.pointer_dereference.23
	 - Status: SUCCESS
	 - Description: "dereference failure: deallocated dynamic object"
	 - Location: ../../../../../../../../home/runner/.rustup/toolchains/nightly-2026-08-21-x86_64-unknown-linux-gnu/lib/rustlib/src/rust/library/core/src/slice/iter/macros.rs:185:25 in function <std::slice::Iter<'_, u8> as std::iter::Iterator>::next

Check 52: <std::slice::Iter<'_, u8> as std::iter::Iterator>::next.pointer_dereference.24
	 - Status: SUCCESS
	 - Description: "dereference failure: dead object"
	 - Location: ../../../../../../../../home/runner/.rustup/toolchains/nightly-2026-08-21-x86_64-unknown-linux-gnu/lib/rustlib/src/rust/library/core/src/slice/iter/macros.rs:185:25 in function <std::slice::Iter<'_, u8> as std::iter::Iterator>::next

Check 53: <std::slice::Iter<'_, u8> as std::iter::Iterator>::next.pointer_dereference.25
	 - Status: SUCCESS
	 - Description: "dereference failure: pointer outside object bounds"
	 - Location: ../../../../../../../../home/runner/.rustup/toolchains/nightly-2026-08-21-x86_64-unknown-linux-gnu/lib/rustlib/src/rust/library/core/src/slice/iter/macros.rs:185:25 in function <std::slice::Iter<'_, u8> as std::iter::Iterator>::next

Check 54: <std::slice::Iter<'_, u8> as std::iter::Iterator>::next.pointer_dereference.26
	 - Status: SUCCESS
	 - Description: "dereference failure: invalid integer address"
	 - Location: ../../../../../../../../home/runner/.rustup/toolchains/nightly-2026-08-21-x86_64-unknown-linux-gnu/lib/rustlib/src/rust/library/core/src/slice/iter/macros.rs:185:25 in function <std::slice::Iter<'_, u8> as std::iter::Iterator>::next

Check 55: <std::ptr::NonNull<u8> as std::cmp::PartialEq>::eq.pointer_dereference.1
	 - Status: SUCCESS
	 - Description: "dereference failure: pointer NULL"
	 - Location: ../../../../../../../../home/runner/.rustup/toolchains/nightly-2026-08-21-x86_64-unknown-linux-gnu/lib/rustlib/src/rust/library/core/src/ptr/non_null.rs:1663:9 in function <std::ptr::NonNull<u8> as std::cmp::PartialEq>::eq

Check 56: <std::ptr::NonNull<u8> as std::cmp::PartialEq>::eq.pointer_dereference.2
	 - Status: SUCCESS
	 - Description: "dereference failure: pointer invalid"
	 - Location: ../../../../../../../../home/runner/.rustup/toolchains/nightly-2026-08-21-x86_64-unknown-linux-gnu/lib/rustlib/src/rust/library/core/src/ptr/non_null.rs:1663:9 in function <std::ptr::NonNull<u8> as std::cmp::PartialEq>::eq

Check 57: <std::ptr::NonNull<u8> as std::cmp::PartialEq>::eq.pointer_dereference.3
	 - Status: SUCCESS
	 - Description: "dereference failure: deallocated dynamic object"
	 - Location: ../../../../../../../../home/runner/.rustup/toolchains/nightly-2026-08-21-x86_64-unknown-linux-gnu/lib/rustlib/src/rust/library/core/src/ptr/non_null.rs:1663:9 in function <std::ptr::NonNull<u8> as std::cmp::PartialEq>::eq

Check 58: <std::ptr::NonNull<u8> as std::cmp::PartialEq>::eq.pointer_dereference.4
	 - Status: SUCCESS
	 - Description: "dereference failure: dead object"
	 - Location: ../../../../../../../../home/runner/.rustup/toolchains/nightly-2026-08-21-x86_64-unknown-linux-gnu/lib/rustlib/src/rust/library/core/src/ptr/non_null.rs:1663:9 in function <std::ptr::NonNull<u8> as std::cmp::PartialEq>::eq

Check 59: <std::ptr::NonNull<u8> as std::cmp::PartialEq>::eq.pointer_dereference.5
	 - Status: SUCCESS
	 - Description: "dereference failure: pointer outside object bounds"
	 - Location: ../../../../../../../../home/runner/.rustup/toolchains/nightly-2026-08-21-x86_64-unknown-linux-gnu/lib/rustlib/src/rust/library/core/src/ptr/non_null.rs:1663:9 in function <std::ptr::NonNull<u8> as std::cmp::PartialEq>::eq

Check 60: <std::ptr::NonNull<u8> as std::cmp::PartialEq>::eq.pointer_dereference.6
	 - Status: SUCCESS
	 - Description: "dereference failure: invalid integer address"
	 - Location: ../../../../../../../../home/runner/.rustup/toolchains/nightly-2026-08-21-x86_64-unknown-linux-gnu/lib/rustlib/src/rust/library/core/src/ptr/non_null.rs:1663:9 in function <std::ptr::NonNull<u8> as std::cmp::PartialEq>::eq

Check 61: <std::ptr::NonNull<u8> as std::cmp::PartialEq>::eq.pointer_dereference.7
	 - Status: SUCCESS
	 - Description: "dereference failure: pointer NULL"
	 - Location: ../../../../../../../../home/runner/.rustup/toolchains/nightly-2026-08-21-x86_64-unknown-linux-gnu/lib/rustlib/src/rust/library/core/src/ptr/non_null.rs:1663:26 in function <std::ptr::NonNull<u8> as std::cmp::PartialEq>::eq

Check 62: <std::ptr::NonNull<u8> as std::cmp::PartialEq>::eq.pointer_dereference.8
	 - Status: SUCCESS
	 - Description: "dereference failure: pointer invalid"
	 - Location: ../../../../../../../../home/runner/.rustup/toolchains/nightly-2026-08-21-x86_64-unknown-linux-gnu/lib/rustlib/src/rust/library/core/src/ptr/non_null.rs:1663:26 in function <std::ptr::NonNull<u8> as std::cmp::PartialEq>::eq

Check 63: <std::ptr::NonNull<u8> as std::cmp::PartialEq>::eq.pointer_dereference.9
	 - Status: SUCCESS
	 - Description: "dereference failure: deallocated dynamic object"
	 - Location: ../../../../../../../../home/runner/.rustup/toolchains/nightly-2026-08-21-x86_64-unknown-linux-gnu/lib/rustlib/src/rust/library/core/src/ptr/non_null.rs:1663:26 in function <std::ptr::NonNull<u8> as std::cmp::PartialEq>::eq

Check 64: <std::ptr::NonNull<u8> as std::cmp::PartialEq>::eq.pointer_dereference.10
	 - Status: SUCCESS
	 - Description: "dereference failure: dead object"
	 - Location: ../../../../../../../../home/runner/.rustup/toolchains/nightly-2026-08-21-x86_64-unknown-linux-gnu/lib/rustlib/src/rust/library/core/src/ptr/non_null.rs:1663:26 in function <std::ptr::NonNull<u8> as std::cmp::PartialEq>::eq

Check 65: <std::ptr::NonNull<u8> as std::cmp::PartialEq>::eq.pointer_dereference.11
	 - Status: SUCCESS
	 - Description: "dereference failure: pointer outside object bounds"
	 - Location: ../../../../../../../../home/runner/.rustup/toolchains/nightly-2026-08-21-x86_64-unknown-linux-gnu/lib/rustlib/src/rust/library/core/src/ptr/non_null.rs:1663:26 in function <std::ptr::NonNull<u8> as std::cmp::PartialEq>::eq

Check 66: <std::ptr::NonNull<u8> as std::cmp::PartialEq>::eq.pointer_dereference.12
	 - Status: SUCCESS
	 - Description: "dereference failure: invalid integer address"
	 - Location: ../../../../../../../../home/runner/.rustup/toolchains/nightly-2026-08-21-x86_64-unknown-linux-gnu/lib/rustlib/src/rust/library/core/src/ptr/non_null.rs:1663:26 in function <std::ptr::NonNull<u8> as std::cmp::PartialEq>::eq


SUMMARY:
 ** 0 of 66 failed (1 unreachable)

VERIFICATION:- SUCCESSFUL
Verification Time: 0.27377015s

Checking harness domain::kani_proofs::code_sha256_rejects_31_bytes...
CBMC 6.11.0 (cbmc-6.11.0)
CBMC version 6.11.0 (cbmc-6.11.0) 64-bit x86_64 linux
Reading GOTO program from file /mnt/q/sdk/work/foundation-kani-068/target/kani/x86_64-unknown-linux-gnu/debug/build/acyclic-actors/ae2293718f7a5da1/out/acyclic_actors-ae2293718f7a5da1__RNvNtNtCs1wciM17XTy0_14acyclic_actors6domain11kani_proofs28code_sha256_rejects_31_bytes.out
Generating GOTO Program
Adding CPROVER library (x86_64)
Removal of function pointers and virtual functions
Generic Property Instrumentation
Running with 16 object bits, 48 offset bits (user-specified)
Starting Bounded Model Checking
Runtime Symex: 0.0263839s
size of program expression: 691 steps
slicing removed 484 assignments
Generated 2 VCC(s), 1 remaining after simplification
Runtime Postprocess Equation: 0.00134171s
Passing problem to propositional reduction
converting SSA
Runtime Convert SSA: 0.00602975s
Running propositional reduction
Post-processing
Runtime Post-process: 1.536e-05s
Solving with CaDiCaL 3.0.0
130 variables, 130 clauses
SAT checker: instance is SATISFIABLE
Runtime Solver: 0.00140859s
Runtime decision procedure: 0.0081807s

RESULTS:
Check 1: std::ptr::NonNull::<u8>::as_ref::<'_>.safety_check.1
	 - Status: SUCCESS
	 - Description: "misaligned pointer to reference cast: address must be a multiple of its type's alignment"
	 - Location: ../../../../../../../../home/runner/.rustup/toolchains/nightly-2026-08-21-x86_64-unknown-linux-gnu/lib/rustlib/src/rust/library/core/src/ptr/non_null.rs:454:18 in function std::ptr::NonNull::<u8>::as_ref::<'_>

Check 2: std::ptr::NonNull::<u8>::as_ref::<'_>.safety_check.2
	 - Status: SUCCESS
	 - Description: "dereference failure: pointer invalid"
	 - Location: ../../../../../../../../home/runner/.rustup/toolchains/nightly-2026-08-21-x86_64-unknown-linux-gnu/lib/rustlib/src/rust/library/core/src/ptr/non_null.rs:454:18 in function std::ptr::NonNull::<u8>::as_ref::<'_>

Check 3: kani::rustc_intrinsics::offset::<u8, *mut u8, usize>.safety_check.1
	 - Status: SUCCESS
	 - Description: "Offset in bytes overflows isize"
	 - Location: library/kani/src/lib.rs:57:1 in function kani::rustc_intrinsics::offset::<u8, *mut u8, usize>

Check 4: kani::rustc_intrinsics::offset::<u8, *mut u8, usize>.safety_check.2
	 - Status: SUCCESS
	 - Description: "Offset result address must equal original pointer address plus offset"
	 - Location: library/kani/src/lib.rs:57:1 in function kani::rustc_intrinsics::offset::<u8, *mut u8, usize>

Check 5: kani::rustc_intrinsics::offset::<u8, *mut u8, usize>.safety_check.3
	 - Status: SUCCESS
	 - Description: "Offset result and original pointer must point to the same allocation"
	 - Location: library/kani/src/lib.rs:57:1 in function kani::rustc_intrinsics::offset::<u8, *mut u8, usize>

Check 6: kani::mem::cbmc::same_allocation.unsupported_construct.1
	 - Status: SUCCESS
	 - Description: "Kani does not support reasoning about pointer to unallocated memory"
	 - Location: library/kani/src/lib.rs:57:1 in function kani::mem::cbmc::same_allocation

Check 7: std::panic::Location::<'_>::caller.unsupported_construct.1
	 - Status: SUCCESS
	 - Description: "caller_location is not currently supported by Kani. Please post your example at https://github.com/model-checking/kani/issues/374"
	 - Location: ../../../../../../../../home/runner/.rustup/toolchains/nightly-2026-08-21-x86_64-unknown-linux-gnu/lib/rustlib/src/rust/library/core/src/panic/location.rs:181:9 in function std::panic::Location::<'_>::caller

Check 8: domain::kani_proofs::code_sha256_rejects_31_bytes.assertion.1
	 - Status: SUCCESS
	 - Description: "assertion failed: !valid_code_sha256(&bytes)"
	 - Location: rust/crates/actors/src/domain/kani_proofs.rs:29:5 in function domain::kani_proofs::code_sha256_rejects_31_bytes

Check 9: <usize as kani::rustc_intrinsics::ToISize>::to_isize.unreachable.1
	 - Status: SUCCESS
	 - Description: "unreachable code"
	 - Location: library/kani_core/src/models.rs:203:17 in function <usize as kani::rustc_intrinsics::ToISize>::to_isize

Check 10: <usize as kani::rustc_intrinsics::ToISize>::to_isize.safety_check.1
	 - Status: SUCCESS
	 - Description: "Offset value overflows isize"
	 - Location: library/kani/src/lib.rs:57:1 in function <usize as kani::rustc_intrinsics::ToISize>::to_isize

Check 11: <usize as kani::rustc_intrinsics::ToISize>::to_isize.assertion.1
	 - Status: SUCCESS
	 - Description: "internal error: entered unreachable code"
	 - Location: library/kani/src/lib.rs:57:1 in function <usize as kani::rustc_intrinsics::ToISize>::to_isize

Check 12: core::num::<impl usize>::unchecked_sub.arithmetic_overflow.1
	 - Status: SUCCESS
	 - Description: "attempt to compute `unchecked_sub` which would overflow"
	 - Location: ../../../../../../../../home/runner/.rustup/toolchains/nightly-2026-08-21-x86_64-unknown-linux-gnu/lib/rustlib/src/rust/library/core/src/num/uint_macros.rs:1192:17 in function core::num::<impl usize>::unchecked_sub

Check 13: <std::slice::Iter<'_, u8> as std::iter::Iterator>::any::<{closure@rust/crates/actors/src/domain.rs:120:43: 120:49}>.unreachable.1
	 - Status: SUCCESS
	 - Description: "unreachable code"
	 - Location: ../../../../../../../../home/runner/.rustup/toolchains/nightly-2026-08-21-x86_64-unknown-linux-gnu/lib/rustlib/src/rust/library/core/src/slice/iter/macros.rs:321:13 in function <std::slice::Iter<'_, u8> as std::iter::Iterator>::any::<{closure@rust/crates/actors/src/domain.rs:120:43: 120:49}>

Check 14: core::panicking::panic_nounwind_fmt::runtime.unsupported_construct.1
	 - Status: SUCCESS
	 - Description: "call to foreign "Rust" function `_RNvCskSgPeDzUGbv_7___rustc17rust_begin_unwind` is not currently supported by Kani. Please post your example at https://github.com/model-checking/kani/issues/new/choose"
	 - Location: ../../../../../../../../home/runner/.rustup/toolchains/nightly-2026-08-21-x86_64-unknown-linux-gnu/lib/rustlib/src/rust/library/core/src/panicking.rs:110:17 in function core::panicking::panic_nounwind_fmt::runtime

Check 15: std::fmt::Arguments::<'_>::from_str.assertion.1
	 - Status: UNREACHABLE
	 - Description: "attempt to shift left with overflow"
	 - Location: ../../../../../../../../home/runner/.rustup/toolchains/nightly-2026-08-21-x86_64-unknown-linux-gnu/lib/rustlib/src/rust/library/core/src/fmt/mod.rs:820:38 in function std::fmt::Arguments::<'_>::from_str

Check 16: <std::slice::Iter<'_, u8> as std::iter::Iterator>::any::<{closure@rust/crates/actors/src/domain.rs:120:43: 120:49}>.pointer_dereference.1
	 - Status: SUCCESS
	 - Description: "dereference failure: dead object"
	 - Location: ../../../../../../../../home/runner/.rustup/toolchains/nightly-2026-08-21-x86_64-unknown-linux-gnu/lib/rustlib/src/rust/library/core/src/slice/iter/macros.rs:326:37 in function <std::slice::Iter<'_, u8> as std::iter::Iterator>::any::<{closure@rust/crates/actors/src/domain.rs:120:43: 120:49}>

Check 17: domain::valid_code_sha256::{closure#0}.pointer_dereference.1
	 - Status: SUCCESS
	 - Description: "dereference failure: pointer NULL"
	 - Location: rust/crates/actors/src/domain.rs:120:50 in function domain::valid_code_sha256::{closure#0}

Check 18: domain::valid_code_sha256::{closure#0}.pointer_dereference.2
	 - Status: SUCCESS
	 - Description: "dereference failure: pointer invalid"
	 - Location: rust/crates/actors/src/domain.rs:120:50 in function domain::valid_code_sha256::{closure#0}

Check 19: domain::valid_code_sha256::{closure#0}.pointer_dereference.3
	 - Status: SUCCESS
	 - Description: "dereference failure: deallocated dynamic object"
	 - Location: rust/crates/actors/src/domain.rs:120:50 in function domain::valid_code_sha256::{closure#0}

Check 20: domain::valid_code_sha256::{closure#0}.pointer_dereference.4
	 - Status: SUCCESS
	 - Description: "dereference failure: dead object"
	 - Location: rust/crates/actors/src/domain.rs:120:50 in function domain::valid_code_sha256::{closure#0}

Check 21: domain::valid_code_sha256::{closure#0}.pointer_dereference.5
	 - Status: SUCCESS
	 - Description: "dereference failure: pointer outside object bounds"
	 - Location: rust/crates/actors/src/domain.rs:120:50 in function domain::valid_code_sha256::{closure#0}

Check 22: domain::valid_code_sha256::{closure#0}.pointer_dereference.6
	 - Status: SUCCESS
	 - Description: "dereference failure: invalid integer address"
	 - Location: rust/crates/actors/src/domain.rs:120:50 in function domain::valid_code_sha256::{closure#0}

Check 23: std::ptr::NonNull::<u8>::as_ref::<'_>.pointer_dereference.1
	 - Status: SUCCESS
	 - Description: "dereference failure: pointer NULL"
	 - Location: ../../../../../../../../home/runner/.rustup/toolchains/nightly-2026-08-21-x86_64-unknown-linux-gnu/lib/rustlib/src/rust/library/core/src/ptr/non_null.rs:454:20 in function std::ptr::NonNull::<u8>::as_ref::<'_>

Check 24: std::ptr::NonNull::<u8>::as_ref::<'_>.pointer_dereference.2
	 - Status: SUCCESS
	 - Description: "dereference failure: pointer invalid"
	 - Location: ../../../../../../../../home/runner/.rustup/toolchains/nightly-2026-08-21-x86_64-unknown-linux-gnu/lib/rustlib/src/rust/library/core/src/ptr/non_null.rs:454:20 in function std::ptr::NonNull::<u8>::as_ref::<'_>

Check 25: std::ptr::NonNull::<u8>::as_ref::<'_>.pointer_dereference.3
	 - Status: SUCCESS
	 - Description: "dereference failure: deallocated dynamic object"
	 - Location: ../../../../../../../../home/runner/.rustup/toolchains/nightly-2026-08-21-x86_64-unknown-linux-gnu/lib/rustlib/src/rust/library/core/src/ptr/non_null.rs:454:20 in function std::ptr::NonNull::<u8>::as_ref::<'_>

Check 26: std::ptr::NonNull::<u8>::as_ref::<'_>.pointer_dereference.4
	 - Status: SUCCESS
	 - Description: "dereference failure: dead object"
	 - Location: ../../../../../../../../home/runner/.rustup/toolchains/nightly-2026-08-21-x86_64-unknown-linux-gnu/lib/rustlib/src/rust/library/core/src/ptr/non_null.rs:454:20 in function std::ptr::NonNull::<u8>::as_ref::<'_>

Check 27: std::ptr::NonNull::<u8>::as_ref::<'_>.pointer_dereference.5
	 - Status: SUCCESS
	 - Description: "dereference failure: pointer outside object bounds"
	 - Location: ../../../../../../../../home/runner/.rustup/toolchains/nightly-2026-08-21-x86_64-unknown-linux-gnu/lib/rustlib/src/rust/library/core/src/ptr/non_null.rs:454:20 in function std::ptr::NonNull::<u8>::as_ref::<'_>

Check 28: std::ptr::NonNull::<u8>::as_ref::<'_>.pointer_dereference.6
	 - Status: SUCCESS
	 - Description: "dereference failure: invalid integer address"
	 - Location: ../../../../../../../../home/runner/.rustup/toolchains/nightly-2026-08-21-x86_64-unknown-linux-gnu/lib/rustlib/src/rust/library/core/src/ptr/non_null.rs:454:20 in function std::ptr::NonNull::<u8>::as_ref::<'_>

Check 29: <std::slice::Iter<'_, u8> as std::iter::Iterator>::next.pointer_dereference.1
	 - Status: SUCCESS
	 - Description: "dereference failure: pointer NULL"
	 - Location: ../../../../../../../../home/runner/.rustup/toolchains/nightly-2026-08-21-x86_64-unknown-linux-gnu/lib/rustlib/src/rust/library/core/src/slice/iter/macros.rs:161:27 in function <std::slice::Iter<'_, u8> as std::iter::Iterator>::next

Check 30: <std::slice::Iter<'_, u8> as std::iter::Iterator>::next.pointer_dereference.2
	 - Status: SUCCESS
	 - Description: "dereference failure: pointer invalid"
	 - Location: ../../../../../../../../home/runner/.rustup/toolchains/nightly-2026-08-21-x86_64-unknown-linux-gnu/lib/rustlib/src/rust/library/core/src/slice/iter/macros.rs:161:27 in function <std::slice::Iter<'_, u8> as std::iter::Iterator>::next

Check 31: <std::slice::Iter<'_, u8> as std::iter::Iterator>::next.pointer_dereference.3
	 - Status: SUCCESS
	 - Description: "dereference failure: deallocated dynamic object"
	 - Location: ../../../../../../../../home/runner/.rustup/toolchains/nightly-2026-08-21-x86_64-unknown-linux-gnu/lib/rustlib/src/rust/library/core/src/slice/iter/macros.rs:161:27 in function <std::slice::Iter<'_, u8> as std::iter::Iterator>::next

Check 32: <std::slice::Iter<'_, u8> as std::iter::Iterator>::next.pointer_dereference.4
	 - Status: SUCCESS
	 - Description: "dereference failure: dead object"
	 - Location: ../../../../../../../../home/runner/.rustup/toolchains/nightly-2026-08-21-x86_64-unknown-linux-gnu/lib/rustlib/src/rust/library/core/src/slice/iter/macros.rs:161:27 in function <std::slice::Iter<'_, u8> as std::iter::Iterator>::next

Check 33: <std::slice::Iter<'_, u8> as std::iter::Iterator>::next.pointer_dereference.5
	 - Status: SUCCESS
	 - Description: "dereference failure: pointer outside object bounds"
	 - Location: ../../../../../../../../home/runner/.rustup/toolchains/nightly-2026-08-21-x86_64-unknown-linux-gnu/lib/rustlib/src/rust/library/core/src/slice/iter/macros.rs:161:27 in function <std::slice::Iter<'_, u8> as std::iter::Iterator>::next

Check 34: <std::slice::Iter<'_, u8> as std::iter::Iterator>::next.pointer_dereference.6
	 - Status: SUCCESS
	 - Description: "dereference failure: invalid integer address"
	 - Location: ../../../../../../../../home/runner/.rustup/toolchains/nightly-2026-08-21-x86_64-unknown-linux-gnu/lib/rustlib/src/rust/library/core/src/slice/iter/macros.rs:161:27 in function <std::slice::Iter<'_, u8> as std::iter::Iterator>::next

Check 35: <std::slice::Iter<'_, u8> as std::iter::Iterator>::next.pointer_dereference.7
	 - Status: SUCCESS
	 - Description: "dereference failure: pointer NULL"
	 - Location: ../../../../../../../../home/runner/.rustup/toolchains/nightly-2026-08-21-x86_64-unknown-linux-gnu/lib/rustlib/src/rust/library/core/src/slice/iter/macros.rs:162:34 in function <std::slice::Iter<'_, u8> as std::iter::Iterator>::next

Check 36: <std::slice::Iter<'_, u8> as std::iter::Iterator>::next.pointer_dereference.8
	 - Status: SUCCESS
	 - Description: "dereference failure: pointer invalid"
	 - Location: ../../../../../../../../home/runner/.rustup/toolchains/nightly-2026-08-21-x86_64-unknown-linux-gnu/lib/rustlib/src/rust/library/core/src/slice/iter/macros.rs:162:34 in function <std::slice::Iter<'_, u8> as std::iter::Iterator>::next

Check 37: <std::slice::Iter<'_, u8> as std::iter::Iterator>::next.pointer_dereference.9
	 - Status: SUCCESS
	 - Description: "dereference failure: deallocated dynamic object"
	 - Location: ../../../../../../../../home/runner/.rustup/toolchains/nightly-2026-08-21-x86_64-unknown-linux-gnu/lib/rustlib/src/rust/library/core/src/slice/iter/macros.rs:162:34 in function <std::slice::Iter<'_, u8> as std::iter::Iterator>::next

Check 38: <std::slice::Iter<'_, u8> as std::iter::Iterator>::next.pointer_dereference.10
	 - Status: SUCCESS
	 - Description: "dereference failure: dead object"
	 - Location: ../../../../../../../../home/runner/.rustup/toolchains/nightly-2026-08-21-x86_64-unknown-linux-gnu/lib/rustlib/src/rust/library/core/src/slice/iter/macros.rs:162:34 in function <std::slice::Iter<'_, u8> as std::iter::Iterator>::next

Check 39: <std::slice::Iter<'_, u8> as std::iter::Iterator>::next.pointer_dereference.11
	 - Status: SUCCESS
	 - Description: "dereference failure: pointer outside object bounds"
	 - Location: ../../../../../../../../home/runner/.rustup/toolchains/nightly-2026-08-21-x86_64-unknown-linux-gnu/lib/rustlib/src/rust/library/core/src/slice/iter/macros.rs:162:34 in function <std::slice::Iter<'_, u8> as std::iter::Iterator>::next

Check 40: <std::slice::Iter<'_, u8> as std::iter::Iterator>::next.pointer_dereference.12
	 - Status: SUCCESS
	 - Description: "dereference failure: invalid integer address"
	 - Location: ../../../../../../../../home/runner/.rustup/toolchains/nightly-2026-08-21-x86_64-unknown-linux-gnu/lib/rustlib/src/rust/library/core/src/slice/iter/macros.rs:162:34 in function <std::slice::Iter<'_, u8> as std::iter::Iterator>::next

Check 41: <std::slice::Iter<'_, u8> as std::iter::Iterator>::next.pointer_dereference.13
	 - Status: SUCCESS
	 - Description: "dereference failure: dead object"
	 - Location: ../../../../../../../../home/runner/.rustup/toolchains/nightly-2026-08-21-x86_64-unknown-linux-gnu/lib/rustlib/src/rust/library/core/src/slice/iter/macros.rs:169:36 in function <std::slice::Iter<'_, u8> as std::iter::Iterator>::next

Check 42: <std::slice::Iter<'_, u8> as std::iter::Iterator>::next.pointer_dereference.14
	 - Status: SUCCESS
	 - Description: "dereference failure: pointer NULL"
	 - Location: ../../../../../../../../home/runner/.rustup/toolchains/nightly-2026-08-21-x86_64-unknown-linux-gnu/lib/rustlib/src/rust/library/core/src/slice/iter/macros.rs:175:25 in function <std::slice::Iter<'_, u8> as std::iter::Iterator>::next

Check 43: <std::slice::Iter<'_, u8> as std::iter::Iterator>::next.pointer_dereference.15
	 - Status: SUCCESS
	 - Description: "dereference failure: pointer invalid"
	 - Location: ../../../../../../../../home/runner/.rustup/toolchains/nightly-2026-08-21-x86_64-unknown-linux-gnu/lib/rustlib/src/rust/library/core/src/slice/iter/macros.rs:175:25 in function <std::slice::Iter<'_, u8> as std::iter::Iterator>::next

Check 44: <std::slice::Iter<'_, u8> as std::iter::Iterator>::next.pointer_dereference.16
	 - Status: SUCCESS
	 - Description: "dereference failure: deallocated dynamic object"
	 - Location: ../../../../../../../../home/runner/.rustup/toolchains/nightly-2026-08-21-x86_64-unknown-linux-gnu/lib/rustlib/src/rust/library/core/src/slice/iter/macros.rs:175:25 in function <std::slice::Iter<'_, u8> as std::iter::Iterator>::next

Check 45: <std::slice::Iter<'_, u8> as std::iter::Iterator>::next.pointer_dereference.17
	 - Status: SUCCESS
	 - Description: "dereference failure: dead object"
	 - Location: ../../../../../../../../home/runner/.rustup/toolchains/nightly-2026-08-21-x86_64-unknown-linux-gnu/lib/rustlib/src/rust/library/core/src/slice/iter/macros.rs:175:25 in function <std::slice::Iter<'_, u8> as std::iter::Iterator>::next

Check 46: <std::slice::Iter<'_, u8> as std::iter::Iterator>::next.pointer_dereference.18
	 - Status: SUCCESS
	 - Description: "dereference failure: pointer outside object bounds"
	 - Location: ../../../../../../../../home/runner/.rustup/toolchains/nightly-2026-08-21-x86_64-unknown-linux-gnu/lib/rustlib/src/rust/library/core/src/slice/iter/macros.rs:175:25 in function <std::slice::Iter<'_, u8> as std::iter::Iterator>::next

Check 47: <std::slice::Iter<'_, u8> as std::iter::Iterator>::next.pointer_dereference.19
	 - Status: SUCCESS
	 - Description: "dereference failure: invalid integer address"
	 - Location: ../../../../../../../../home/runner/.rustup/toolchains/nightly-2026-08-21-x86_64-unknown-linux-gnu/lib/rustlib/src/rust/library/core/src/slice/iter/macros.rs:175:25 in function <std::slice::Iter<'_, u8> as std::iter::Iterator>::next

Check 48: <std::slice::Iter<'_, u8> as std::iter::Iterator>::next.pointer_dereference.20
	 - Status: SUCCESS
	 - Description: "dereference failure: dead object"
	 - Location: ../../../../../../../../home/runner/.rustup/toolchains/nightly-2026-08-21-x86_64-unknown-linux-gnu/lib/rustlib/src/rust/library/core/src/slice/iter/macros.rs:181:36 in function <std::slice::Iter<'_, u8> as std::iter::Iterator>::next

Check 49: <std::slice::Iter<'_, u8> as std::iter::Iterator>::next.pointer_dereference.21
	 - Status: SUCCESS
	 - Description: "dereference failure: pointer NULL"
	 - Location: ../../../../../../../../home/runner/.rustup/toolchains/nightly-2026-08-21-x86_64-unknown-linux-gnu/lib/rustlib/src/rust/library/core/src/slice/iter/macros.rs:185:25 in function <std::slice::Iter<'_, u8> as std::iter::Iterator>::next

Check 50: <std::slice::Iter<'_, u8> as std::iter::Iterator>::next.pointer_dereference.22
	 - Status: SUCCESS
	 - Description: "dereference failure: pointer invalid"
	 - Location: ../../../../../../../../home/runner/.rustup/toolchains/nightly-2026-08-21-x86_64-unknown-linux-gnu/lib/rustlib/src/rust/library/core/src/slice/iter/macros.rs:185:25 in function <std::slice::Iter<'_, u8> as std::iter::Iterator>::next

Check 51: <std::slice::Iter<'_, u8> as std::iter::Iterator>::next.pointer_dereference.23
	 - Status: SUCCESS
	 - Description: "dereference failure: deallocated dynamic object"
	 - Location: ../../../../../../../../home/runner/.rustup/toolchains/nightly-2026-08-21-x86_64-unknown-linux-gnu/lib/rustlib/src/rust/library/core/src/slice/iter/macros.rs:185:25 in function <std::slice::Iter<'_, u8> as std::iter::Iterator>::next

Check 52: <std::slice::Iter<'_, u8> as std::iter::Iterator>::next.pointer_dereference.24
	 - Status: SUCCESS
	 - Description: "dereference failure: dead object"
	 - Location: ../../../../../../../../home/runner/.rustup/toolchains/nightly-2026-08-21-x86_64-unknown-linux-gnu/lib/rustlib/src/rust/library/core/src/slice/iter/macros.rs:185:25 in function <std::slice::Iter<'_, u8> as std::iter::Iterator>::next

Check 53: <std::slice::Iter<'_, u8> as std::iter::Iterator>::next.pointer_dereference.25
	 - Status: SUCCESS
	 - Description: "dereference failure: pointer outside object bounds"
	 - Location: ../../../../../../../../home/runner/.rustup/toolchains/nightly-2026-08-21-x86_64-unknown-linux-gnu/lib/rustlib/src/rust/library/core/src/slice/iter/macros.rs:185:25 in function <std::slice::Iter<'_, u8> as std::iter::Iterator>::next

Check 54: <std::slice::Iter<'_, u8> as std::iter::Iterator>::next.pointer_dereference.26
	 - Status: SUCCESS
	 - Description: "dereference failure: invalid integer address"
	 - Location: ../../../../../../../../home/runner/.rustup/toolchains/nightly-2026-08-21-x86_64-unknown-linux-gnu/lib/rustlib/src/rust/library/core/src/slice/iter/macros.rs:185:25 in function <std::slice::Iter<'_, u8> as std::iter::Iterator>::next

Check 55: <std::ptr::NonNull<u8> as std::cmp::PartialEq>::eq.pointer_dereference.1
	 - Status: SUCCESS
	 - Description: "dereference failure: pointer NULL"
	 - Location: ../../../../../../../../home/runner/.rustup/toolchains/nightly-2026-08-21-x86_64-unknown-linux-gnu/lib/rustlib/src/rust/library/core/src/ptr/non_null.rs:1663:9 in function <std::ptr::NonNull<u8> as std::cmp::PartialEq>::eq

Check 56: <std::ptr::NonNull<u8> as std::cmp::PartialEq>::eq.pointer_dereference.2
	 - Status: SUCCESS
	 - Description: "dereference failure: pointer invalid"
	 - Location: ../../../../../../../../home/runner/.rustup/toolchains/nightly-2026-08-21-x86_64-unknown-linux-gnu/lib/rustlib/src/rust/library/core/src/ptr/non_null.rs:1663:9 in function <std::ptr::NonNull<u8> as std::cmp::PartialEq>::eq

Check 57: <std::ptr::NonNull<u8> as std::cmp::PartialEq>::eq.pointer_dereference.3
	 - Status: SUCCESS
	 - Description: "dereference failure: deallocated dynamic object"
	 - Location: ../../../../../../../../home/runner/.rustup/toolchains/nightly-2026-08-21-x86_64-unknown-linux-gnu/lib/rustlib/src/rust/library/core/src/ptr/non_null.rs:1663:9 in function <std::ptr::NonNull<u8> as std::cmp::PartialEq>::eq

Check 58: <std::ptr::NonNull<u8> as std::cmp::PartialEq>::eq.pointer_dereference.4
	 - Status: SUCCESS
	 - Description: "dereference failure: dead object"
	 - Location: ../../../../../../../../home/runner/.rustup/toolchains/nightly-2026-08-21-x86_64-unknown-linux-gnu/lib/rustlib/src/rust/library/core/src/ptr/non_null.rs:1663:9 in function <std::ptr::NonNull<u8> as std::cmp::PartialEq>::eq

Check 59: <std::ptr::NonNull<u8> as std::cmp::PartialEq>::eq.pointer_dereference.5
	 - Status: SUCCESS
	 - Description: "dereference failure: pointer outside object bounds"
	 - Location: ../../../../../../../../home/runner/.rustup/toolchains/nightly-2026-08-21-x86_64-unknown-linux-gnu/lib/rustlib/src/rust/library/core/src/ptr/non_null.rs:1663:9 in function <std::ptr::NonNull<u8> as std::cmp::PartialEq>::eq

Check 60: <std::ptr::NonNull<u8> as std::cmp::PartialEq>::eq.pointer_dereference.6
	 - Status: SUCCESS
	 - Description: "dereference failure: invalid integer address"
	 - Location: ../../../../../../../../home/runner/.rustup/toolchains/nightly-2026-08-21-x86_64-unknown-linux-gnu/lib/rustlib/src/rust/library/core/src/ptr/non_null.rs:1663:9 in function <std::ptr::NonNull<u8> as std::cmp::PartialEq>::eq

Check 61: <std::ptr::NonNull<u8> as std::cmp::PartialEq>::eq.pointer_dereference.7
	 - Status: SUCCESS
	 - Description: "dereference failure: pointer NULL"
	 - Location: ../../../../../../../../home/runner/.rustup/toolchains/nightly-2026-08-21-x86_64-unknown-linux-gnu/lib/rustlib/src/rust/library/core/src/ptr/non_null.rs:1663:26 in function <std::ptr::NonNull<u8> as std::cmp::PartialEq>::eq

Check 62: <std::ptr::NonNull<u8> as std::cmp::PartialEq>::eq.pointer_dereference.8
	 - Status: SUCCESS
	 - Description: "dereference failure: pointer invalid"
	 - Location: ../../../../../../../../home/runner/.rustup/toolchains/nightly-2026-08-21-x86_64-unknown-linux-gnu/lib/rustlib/src/rust/library/core/src/ptr/non_null.rs:1663:26 in function <std::ptr::NonNull<u8> as std::cmp::PartialEq>::eq

Check 63: <std::ptr::NonNull<u8> as std::cmp::PartialEq>::eq.pointer_dereference.9
	 - Status: SUCCESS
	 - Description: "dereference failure: deallocated dynamic object"
	 - Location: ../../../../../../../../home/runner/.rustup/toolchains/nightly-2026-08-21-x86_64-unknown-linux-gnu/lib/rustlib/src/rust/library/core/src/ptr/non_null.rs:1663:26 in function <std::ptr::NonNull<u8> as std::cmp::PartialEq>::eq

Check 64: <std::ptr::NonNull<u8> as std::cmp::PartialEq>::eq.pointer_dereference.10
	 - Status: SUCCESS
	 - Description: "dereference failure: dead object"
	 - Location: ../../../../../../../../home/runner/.rustup/toolchains/nightly-2026-08-21-x86_64-unknown-linux-gnu/lib/rustlib/src/rust/library/core/src/ptr/non_null.rs:1663:26 in function <std::ptr::NonNull<u8> as std::cmp::PartialEq>::eq

Check 65: <std::ptr::NonNull<u8> as std::cmp::PartialEq>::eq.pointer_dereference.11
	 - Status: SUCCESS
	 - Description: "dereference failure: pointer outside object bounds"
	 - Location: ../../../../../../../../home/runner/.rustup/toolchains/nightly-2026-08-21-x86_64-unknown-linux-gnu/lib/rustlib/src/rust/library/core/src/ptr/non_null.rs:1663:26 in function <std::ptr::NonNull<u8> as std::cmp::PartialEq>::eq

Check 66: <std::ptr::NonNull<u8> as std::cmp::PartialEq>::eq.pointer_dereference.12
	 - Status: SUCCESS
	 - Description: "dereference failure: invalid integer address"
	 - Location: ../../../../../../../../home/runner/.rustup/toolchains/nightly-2026-08-21-x86_64-unknown-linux-gnu/lib/rustlib/src/rust/library/core/src/ptr/non_null.rs:1663:26 in function <std::ptr::NonNull<u8> as std::cmp::PartialEq>::eq


SUMMARY:
 ** 0 of 66 failed (1 unreachable)

VERIFICATION:- SUCCESSFUL
Verification Time: 0.16213755s

Checking harness domain::kani_proofs::code_sha256_rejects_empty...
CBMC 6.11.0 (cbmc-6.11.0)
CBMC version 6.11.0 (cbmc-6.11.0) 64-bit x86_64 linux
Reading GOTO program from file /mnt/q/sdk/work/foundation-kani-068/target/kani/x86_64-unknown-linux-gnu/debug/build/acyclic-actors/ae2293718f7a5da1/out/acyclic_actors-ae2293718f7a5da1__RNvNtNtCs1wciM17XTy0_14acyclic_actors6domain11kani_proofs25code_sha256_rejects_empty.out
Generating GOTO Program
Adding CPROVER library (x86_64)
Removal of function pointers and virtual functions
Generic Property Instrumentation
Running with 16 object bits, 48 offset bits (user-specified)
Starting Bounded Model Checking
Runtime Symex: 0.010284s
size of program expression: 379 steps
slicing removed 203 assignments
Generated 2 VCC(s), 1 remaining after simplification
Runtime Postprocess Equation: 0.000812184s
Passing problem to propositional reduction
converting SSA
Runtime Convert SSA: 0.00304046s
Running propositional reduction
Post-processing
Runtime Post-process: 1.581e-05s
Solving with CaDiCaL 3.0.0
323 variables, 452 clauses
SAT checker: instance is SATISFIABLE
Runtime Solver: 0.000717589s
Runtime decision procedure: 0.0047955s

RESULTS:
Check 1: domain::kani_proofs::code_sha256_rejects_empty.assertion.1
	 - Status: SUCCESS
	 - Description: "assertion failed: !valid_code_sha256(&bytes)"
	 - Location: rust/crates/actors/src/domain/kani_proofs.rs:22:5 in function domain::kani_proofs::code_sha256_rejects_empty

Check 2: std::fmt::Arguments::<'_>::from_str.assertion.1
	 - Status: UNREACHABLE
	 - Description: "attempt to shift left with overflow"
	 - Location: ../../../../../../../../home/runner/.rustup/toolchains/nightly-2026-08-21-x86_64-unknown-linux-gnu/lib/rustlib/src/rust/library/core/src/fmt/mod.rs:820:38 in function std::fmt::Arguments::<'_>::from_str

Check 3: kani::mem::cbmc::same_allocation.unsupported_construct.1
	 - Status: SUCCESS
	 - Description: "Kani does not support reasoning about pointer to unallocated memory"
	 - Location: library/kani/src/lib.rs:57:1 in function kani::mem::cbmc::same_allocation

Check 4: <std::slice::Iter<'_, u8> as std::iter::Iterator>::any::<{closure@rust/crates/actors/src/domain.rs:120:43: 120:49}>.unreachable.1
	 - Status: SUCCESS
	 - Description: "unreachable code"
	 - Location: ../../../../../../../../home/runner/.rustup/toolchains/nightly-2026-08-21-x86_64-unknown-linux-gnu/lib/rustlib/src/rust/library/core/src/slice/iter/macros.rs:321:13 in function <std::slice::Iter<'_, u8> as std::iter::Iterator>::any::<{closure@rust/crates/actors/src/domain.rs:120:43: 120:49}>

Check 5: core::num::<impl usize>::unchecked_sub.arithmetic_overflow.1
	 - Status: SUCCESS
	 - Description: "attempt to compute `unchecked_sub` which would overflow"
	 - Location: ../../../../../../../../home/runner/.rustup/toolchains/nightly-2026-08-21-x86_64-unknown-linux-gnu/lib/rustlib/src/rust/library/core/src/num/uint_macros.rs:1192:17 in function core::num::<impl usize>::unchecked_sub

Check 6: std::ptr::NonNull::<u8>::as_ref::<'_>.safety_check.1
	 - Status: SUCCESS
	 - Description: "misaligned pointer to reference cast: address must be a multiple of its type's alignment"
	 - Location: ../../../../../../../../home/runner/.rustup/toolchains/nightly-2026-08-21-x86_64-unknown-linux-gnu/lib/rustlib/src/rust/library/core/src/ptr/non_null.rs:454:18 in function std::ptr::NonNull::<u8>::as_ref::<'_>

Check 7: std::ptr::NonNull::<u8>::as_ref::<'_>.safety_check.2
	 - Status: SUCCESS
	 - Description: "dereference failure: pointer invalid"
	 - Location: ../../../../../../../../home/runner/.rustup/toolchains/nightly-2026-08-21-x86_64-unknown-linux-gnu/lib/rustlib/src/rust/library/core/src/ptr/non_null.rs:454:18 in function std::ptr::NonNull::<u8>::as_ref::<'_>

Check 8: <usize as kani::rustc_intrinsics::ToISize>::to_isize.unreachable.1
	 - Status: SUCCESS
	 - Description: "unreachable code"
	 - Location: library/kani_core/src/models.rs:203:17 in function <usize as kani::rustc_intrinsics::ToISize>::to_isize

Check 9: <usize as kani::rustc_intrinsics::ToISize>::to_isize.safety_check.1
	 - Status: SUCCESS
	 - Description: "Offset value overflows isize"
	 - Location: library/kani/src/lib.rs:57:1 in function <usize as kani::rustc_intrinsics::ToISize>::to_isize

Check 10: <usize as kani::rustc_intrinsics::ToISize>::to_isize.assertion.1
	 - Status: SUCCESS
	 - Description: "internal error: entered unreachable code"
	 - Location: library/kani/src/lib.rs:57:1 in function <usize as kani::rustc_intrinsics::ToISize>::to_isize

Check 11: core::panicking::panic_nounwind_fmt::runtime.unsupported_construct.1
	 - Status: SUCCESS
	 - Description: "call to foreign "Rust" function `_RNvCskSgPeDzUGbv_7___rustc17rust_begin_unwind` is not currently supported by Kani. Please post your example at https://github.com/model-checking/kani/issues/new/choose"
	 - Location: ../../../../../../../../home/runner/.rustup/toolchains/nightly-2026-08-21-x86_64-unknown-linux-gnu/lib/rustlib/src/rust/library/core/src/panicking.rs:110:17 in function core::panicking::panic_nounwind_fmt::runtime

Check 12: std::panic::Location::<'_>::caller.unsupported_construct.1
	 - Status: SUCCESS
	 - Description: "caller_location is not currently supported by Kani. Please post your example at https://github.com/model-checking/kani/issues/374"
	 - Location: ../../../../../../../../home/runner/.rustup/toolchains/nightly-2026-08-21-x86_64-unknown-linux-gnu/lib/rustlib/src/rust/library/core/src/panic/location.rs:181:9 in function std::panic::Location::<'_>::caller

Check 13: kani::rustc_intrinsics::offset::<u8, *mut u8, usize>.safety_check.1
	 - Status: SUCCESS
	 - Description: "Offset in bytes overflows isize"
	 - Location: library/kani/src/lib.rs:57:1 in function kani::rustc_intrinsics::offset::<u8, *mut u8, usize>

Check 14: kani::rustc_intrinsics::offset::<u8, *mut u8, usize>.safety_check.2
	 - Status: SUCCESS
	 - Description: "Offset result address must equal original pointer address plus offset"
	 - Location: library/kani/src/lib.rs:57:1 in function kani::rustc_intrinsics::offset::<u8, *mut u8, usize>

Check 15: kani::rustc_intrinsics::offset::<u8, *mut u8, usize>.safety_check.3
	 - Status: SUCCESS
	 - Description: "Offset result and original pointer must point to the same allocation"
	 - Location: library/kani/src/lib.rs:57:1 in function kani::rustc_intrinsics::offset::<u8, *mut u8, usize>

Check 16: <std::slice::Iter<'_, u8> as std::iter::Iterator>::any::<{closure@rust/crates/actors/src/domain.rs:120:43: 120:49}>.pointer_dereference.1
	 - Status: SUCCESS
	 - Description: "dereference failure: dead object"
	 - Location: ../../../../../../../../home/runner/.rustup/toolchains/nightly-2026-08-21-x86_64-unknown-linux-gnu/lib/rustlib/src/rust/library/core/src/slice/iter/macros.rs:326:37 in function <std::slice::Iter<'_, u8> as std::iter::Iterator>::any::<{closure@rust/crates/actors/src/domain.rs:120:43: 120:49}>

Check 17: domain::valid_code_sha256::{closure#0}.pointer_dereference.1
	 - Status: SUCCESS
	 - Description: "dereference failure: pointer NULL"
	 - Location: rust/crates/actors/src/domain.rs:120:50 in function domain::valid_code_sha256::{closure#0}

Check 18: domain::valid_code_sha256::{closure#0}.pointer_dereference.2
	 - Status: SUCCESS
	 - Description: "dereference failure: pointer invalid"
	 - Location: rust/crates/actors/src/domain.rs:120:50 in function domain::valid_code_sha256::{closure#0}

Check 19: domain::valid_code_sha256::{closure#0}.pointer_dereference.3
	 - Status: SUCCESS
	 - Description: "dereference failure: deallocated dynamic object"
	 - Location: rust/crates/actors/src/domain.rs:120:50 in function domain::valid_code_sha256::{closure#0}

Check 20: domain::valid_code_sha256::{closure#0}.pointer_dereference.4
	 - Status: SUCCESS
	 - Description: "dereference failure: dead object"
	 - Location: rust/crates/actors/src/domain.rs:120:50 in function domain::valid_code_sha256::{closure#0}

Check 21: domain::valid_code_sha256::{closure#0}.pointer_dereference.5
	 - Status: SUCCESS
	 - Description: "dereference failure: pointer outside object bounds"
	 - Location: rust/crates/actors/src/domain.rs:120:50 in function domain::valid_code_sha256::{closure#0}

Check 22: domain::valid_code_sha256::{closure#0}.pointer_dereference.6
	 - Status: SUCCESS
	 - Description: "dereference failure: invalid integer address"
	 - Location: rust/crates/actors/src/domain.rs:120:50 in function domain::valid_code_sha256::{closure#0}

Check 23: std::ptr::NonNull::<u8>::as_ref::<'_>.pointer_dereference.1
	 - Status: SUCCESS
	 - Description: "dereference failure: pointer NULL"
	 - Location: ../../../../../../../../home/runner/.rustup/toolchains/nightly-2026-08-21-x86_64-unknown-linux-gnu/lib/rustlib/src/rust/library/core/src/ptr/non_null.rs:454:20 in function std::ptr::NonNull::<u8>::as_ref::<'_>

Check 24: std::ptr::NonNull::<u8>::as_ref::<'_>.pointer_dereference.2
	 - Status: SUCCESS
	 - Description: "dereference failure: pointer invalid"
	 - Location: ../../../../../../../../home/runner/.rustup/toolchains/nightly-2026-08-21-x86_64-unknown-linux-gnu/lib/rustlib/src/rust/library/core/src/ptr/non_null.rs:454:20 in function std::ptr::NonNull::<u8>::as_ref::<'_>

Check 25: std::ptr::NonNull::<u8>::as_ref::<'_>.pointer_dereference.3
	 - Status: SUCCESS
	 - Description: "dereference failure: deallocated dynamic object"
	 - Location: ../../../../../../../../home/runner/.rustup/toolchains/nightly-2026-08-21-x86_64-unknown-linux-gnu/lib/rustlib/src/rust/library/core/src/ptr/non_null.rs:454:20 in function std::ptr::NonNull::<u8>::as_ref::<'_>

Check 26: std::ptr::NonNull::<u8>::as_ref::<'_>.pointer_dereference.4
	 - Status: SUCCESS
	 - Description: "dereference failure: dead object"
	 - Location: ../../../../../../../../home/runner/.rustup/toolchains/nightly-2026-08-21-x86_64-unknown-linux-gnu/lib/rustlib/src/rust/library/core/src/ptr/non_null.rs:454:20 in function std::ptr::NonNull::<u8>::as_ref::<'_>

Check 27: std::ptr::NonNull::<u8>::as_ref::<'_>.pointer_dereference.5
	 - Status: SUCCESS
	 - Description: "dereference failure: pointer outside object bounds"
	 - Location: ../../../../../../../../home/runner/.rustup/toolchains/nightly-2026-08-21-x86_64-unknown-linux-gnu/lib/rustlib/src/rust/library/core/src/ptr/non_null.rs:454:20 in function std::ptr::NonNull::<u8>::as_ref::<'_>

Check 28: std::ptr::NonNull::<u8>::as_ref::<'_>.pointer_dereference.6
	 - Status: SUCCESS
	 - Description: "dereference failure: invalid integer address"
	 - Location: ../../../../../../../../home/runner/.rustup/toolchains/nightly-2026-08-21-x86_64-unknown-linux-gnu/lib/rustlib/src/rust/library/core/src/ptr/non_null.rs:454:20 in function std::ptr::NonNull::<u8>::as_ref::<'_>

Check 29: <std::slice::Iter<'_, u8> as std::iter::Iterator>::next.pointer_dereference.1
	 - Status: SUCCESS
	 - Description: "dereference failure: pointer NULL"
	 - Location: ../../../../../../../../home/runner/.rustup/toolchains/nightly-2026-08-21-x86_64-unknown-linux-gnu/lib/rustlib/src/rust/library/core/src/slice/iter/macros.rs:161:27 in function <std::slice::Iter<'_, u8> as std::iter::Iterator>::next

Check 30: <std::slice::Iter<'_, u8> as std::iter::Iterator>::next.pointer_dereference.2
	 - Status: SUCCESS
	 - Description: "dereference failure: pointer invalid"
	 - Location: ../../../../../../../../home/runner/.rustup/toolchains/nightly-2026-08-21-x86_64-unknown-linux-gnu/lib/rustlib/src/rust/library/core/src/slice/iter/macros.rs:161:27 in function <std::slice::Iter<'_, u8> as std::iter::Iterator>::next

Check 31: <std::slice::Iter<'_, u8> as std::iter::Iterator>::next.pointer_dereference.3
	 - Status: SUCCESS
	 - Description: "dereference failure: deallocated dynamic object"
	 - Location: ../../../../../../../../home/runner/.rustup/toolchains/nightly-2026-08-21-x86_64-unknown-linux-gnu/lib/rustlib/src/rust/library/core/src/slice/iter/macros.rs:161:27 in function <std::slice::Iter<'_, u8> as std::iter::Iterator>::next

Check 32: <std::slice::Iter<'_, u8> as std::iter::Iterator>::next.pointer_dereference.4
	 - Status: SUCCESS
	 - Description: "dereference failure: dead object"
	 - Location: ../../../../../../../../home/runner/.rustup/toolchains/nightly-2026-08-21-x86_64-unknown-linux-gnu/lib/rustlib/src/rust/library/core/src/slice/iter/macros.rs:161:27 in function <std::slice::Iter<'_, u8> as std::iter::Iterator>::next

Check 33: <std::slice::Iter<'_, u8> as std::iter::Iterator>::next.pointer_dereference.5
	 - Status: SUCCESS
	 - Description: "dereference failure: pointer outside object bounds"
	 - Location: ../../../../../../../../home/runner/.rustup/toolchains/nightly-2026-08-21-x86_64-unknown-linux-gnu/lib/rustlib/src/rust/library/core/src/slice/iter/macros.rs:161:27 in function <std::slice::Iter<'_, u8> as std::iter::Iterator>::next

Check 34: <std::slice::Iter<'_, u8> as std::iter::Iterator>::next.pointer_dereference.6
	 - Status: SUCCESS
	 - Description: "dereference failure: invalid integer address"
	 - Location: ../../../../../../../../home/runner/.rustup/toolchains/nightly-2026-08-21-x86_64-unknown-linux-gnu/lib/rustlib/src/rust/library/core/src/slice/iter/macros.rs:161:27 in function <std::slice::Iter<'_, u8> as std::iter::Iterator>::next

Check 35: <std::slice::Iter<'_, u8> as std::iter::Iterator>::next.pointer_dereference.7
	 - Status: SUCCESS
	 - Description: "dereference failure: pointer NULL"
	 - Location: ../../../../../../../../home/runner/.rustup/toolchains/nightly-2026-08-21-x86_64-unknown-linux-gnu/lib/rustlib/src/rust/library/core/src/slice/iter/macros.rs:162:34 in function <std::slice::Iter<'_, u8> as std::iter::Iterator>::next

Check 36: <std::slice::Iter<'_, u8> as std::iter::Iterator>::next.pointer_dereference.8
	 - Status: SUCCESS
	 - Description: "dereference failure: pointer invalid"
	 - Location: ../../../../../../../../home/runner/.rustup/toolchains/nightly-2026-08-21-x86_64-unknown-linux-gnu/lib/rustlib/src/rust/library/core/src/slice/iter/macros.rs:162:34 in function <std::slice::Iter<'_, u8> as std::iter::Iterator>::next

Check 37: <std::slice::Iter<'_, u8> as std::iter::Iterator>::next.pointer_dereference.9
	 - Status: SUCCESS
	 - Description: "dereference failure: deallocated dynamic object"
	 - Location: ../../../../../../../../home/runner/.rustup/toolchains/nightly-2026-08-21-x86_64-unknown-linux-gnu/lib/rustlib/src/rust/library/core/src/slice/iter/macros.rs:162:34 in function <std::slice::Iter<'_, u8> as std::iter::Iterator>::next

Check 38: <std::slice::Iter<'_, u8> as std::iter::Iterator>::next.pointer_dereference.10
	 - Status: SUCCESS
	 - Description: "dereference failure: dead object"
	 - Location: ../../../../../../../../home/runner/.rustup/toolchains/nightly-2026-08-21-x86_64-unknown-linux-gnu/lib/rustlib/src/rust/library/core/src/slice/iter/macros.rs:162:34 in function <std::slice::Iter<'_, u8> as std::iter::Iterator>::next

Check 39: <std::slice::Iter<'_, u8> as std::iter::Iterator>::next.pointer_dereference.11
	 - Status: SUCCESS
	 - Description: "dereference failure: pointer outside object bounds"
	 - Location: ../../../../../../../../home/runner/.rustup/toolchains/nightly-2026-08-21-x86_64-unknown-linux-gnu/lib/rustlib/src/rust/library/core/src/slice/iter/macros.rs:162:34 in function <std::slice::Iter<'_, u8> as std::iter::Iterator>::next

Check 40: <std::slice::Iter<'_, u8> as std::iter::Iterator>::next.pointer_dereference.12
	 - Status: SUCCESS
	 - Description: "dereference failure: invalid integer address"
	 - Location: ../../../../../../../../home/runner/.rustup/toolchains/nightly-2026-08-21-x86_64-unknown-linux-gnu/lib/rustlib/src/rust/library/core/src/slice/iter/macros.rs:162:34 in function <std::slice::Iter<'_, u8> as std::iter::Iterator>::next

Check 41: <std::slice::Iter<'_, u8> as std::iter::Iterator>::next.pointer_dereference.13
	 - Status: SUCCESS
	 - Description: "dereference failure: dead object"
	 - Location: ../../../../../../../../home/runner/.rustup/toolchains/nightly-2026-08-21-x86_64-unknown-linux-gnu/lib/rustlib/src/rust/library/core/src/slice/iter/macros.rs:169:36 in function <std::slice::Iter<'_, u8> as std::iter::Iterator>::next

Check 42: <std::slice::Iter<'_, u8> as std::iter::Iterator>::next.pointer_dereference.14
	 - Status: SUCCESS
	 - Description: "dereference failure: pointer NULL"
	 - Location: ../../../../../../../../home/runner/.rustup/toolchains/nightly-2026-08-21-x86_64-unknown-linux-gnu/lib/rustlib/src/rust/library/core/src/slice/iter/macros.rs:175:25 in function <std::slice::Iter<'_, u8> as std::iter::Iterator>::next

Check 43: <std::slice::Iter<'_, u8> as std::iter::Iterator>::next.pointer_dereference.15
	 - Status: SUCCESS
	 - Description: "dereference failure: pointer invalid"
	 - Location: ../../../../../../../../home/runner/.rustup/toolchains/nightly-2026-08-21-x86_64-unknown-linux-gnu/lib/rustlib/src/rust/library/core/src/slice/iter/macros.rs:175:25 in function <std::slice::Iter<'_, u8> as std::iter::Iterator>::next

Check 44: <std::slice::Iter<'_, u8> as std::iter::Iterator>::next.pointer_dereference.16
	 - Status: SUCCESS
	 - Description: "dereference failure: deallocated dynamic object"
	 - Location: ../../../../../../../../home/runner/.rustup/toolchains/nightly-2026-08-21-x86_64-unknown-linux-gnu/lib/rustlib/src/rust/library/core/src/slice/iter/macros.rs:175:25 in function <std::slice::Iter<'_, u8> as std::iter::Iterator>::next

Check 45: <std::slice::Iter<'_, u8> as std::iter::Iterator>::next.pointer_dereference.17
	 - Status: SUCCESS
	 - Description: "dereference failure: dead object"
	 - Location: ../../../../../../../../home/runner/.rustup/toolchains/nightly-2026-08-21-x86_64-unknown-linux-gnu/lib/rustlib/src/rust/library/core/src/slice/iter/macros.rs:175:25 in function <std::slice::Iter<'_, u8> as std::iter::Iterator>::next

Check 46: <std::slice::Iter<'_, u8> as std::iter::Iterator>::next.pointer_dereference.18
	 - Status: SUCCESS
	 - Description: "dereference failure: pointer outside object bounds"
	 - Location: ../../../../../../../../home/runner/.rustup/toolchains/nightly-2026-08-21-x86_64-unknown-linux-gnu/lib/rustlib/src/rust/library/core/src/slice/iter/macros.rs:175:25 in function <std::slice::Iter<'_, u8> as std::iter::Iterator>::next

Check 47: <std::slice::Iter<'_, u8> as std::iter::Iterator>::next.pointer_dereference.19
	 - Status: SUCCESS
	 - Description: "dereference failure: invalid integer address"
	 - Location: ../../../../../../../../home/runner/.rustup/toolchains/nightly-2026-08-21-x86_64-unknown-linux-gnu/lib/rustlib/src/rust/library/core/src/slice/iter/macros.rs:175:25 in function <std::slice::Iter<'_, u8> as std::iter::Iterator>::next

Check 48: <std::slice::Iter<'_, u8> as std::iter::Iterator>::next.pointer_dereference.20
	 - Status: SUCCESS
	 - Description: "dereference failure: dead object"
	 - Location: ../../../../../../../../home/runner/.rustup/toolchains/nightly-2026-08-21-x86_64-unknown-linux-gnu/lib/rustlib/src/rust/library/core/src/slice/iter/macros.rs:181:36 in function <std::slice::Iter<'_, u8> as std::iter::Iterator>::next

Check 49: <std::slice::Iter<'_, u8> as std::iter::Iterator>::next.pointer_dereference.21
	 - Status: SUCCESS
	 - Description: "dereference failure: pointer NULL"
	 - Location: ../../../../../../../../home/runner/.rustup/toolchains/nightly-2026-08-21-x86_64-unknown-linux-gnu/lib/rustlib/src/rust/library/core/src/slice/iter/macros.rs:185:25 in function <std::slice::Iter<'_, u8> as std::iter::Iterator>::next

Check 50: <std::slice::Iter<'_, u8> as std::iter::Iterator>::next.pointer_dereference.22
	 - Status: SUCCESS
	 - Description: "dereference failure: pointer invalid"
	 - Location: ../../../../../../../../home/runner/.rustup/toolchains/nightly-2026-08-21-x86_64-unknown-linux-gnu/lib/rustlib/src/rust/library/core/src/slice/iter/macros.rs:185:25 in function <std::slice::Iter<'_, u8> as std::iter::Iterator>::next

Check 51: <std::slice::Iter<'_, u8> as std::iter::Iterator>::next.pointer_dereference.23
	 - Status: SUCCESS
	 - Description: "dereference failure: deallocated dynamic object"
	 - Location: ../../../../../../../../home/runner/.rustup/toolchains/nightly-2026-08-21-x86_64-unknown-linux-gnu/lib/rustlib/src/rust/library/core/src/slice/iter/macros.rs:185:25 in function <std::slice::Iter<'_, u8> as std::iter::Iterator>::next

Check 52: <std::slice::Iter<'_, u8> as std::iter::Iterator>::next.pointer_dereference.24
	 - Status: SUCCESS
	 - Description: "dereference failure: dead object"
	 - Location: ../../../../../../../../home/runner/.rustup/toolchains/nightly-2026-08-21-x86_64-unknown-linux-gnu/lib/rustlib/src/rust/library/core/src/slice/iter/macros.rs:185:25 in function <std::slice::Iter<'_, u8> as std::iter::Iterator>::next

Check 53: <std::slice::Iter<'_, u8> as std::iter::Iterator>::next.pointer_dereference.25
	 - Status: SUCCESS
	 - Description: "dereference failure: pointer outside object bounds"
	 - Location: ../../../../../../../../home/runner/.rustup/toolchains/nightly-2026-08-21-x86_64-unknown-linux-gnu/lib/rustlib/src/rust/library/core/src/slice/iter/macros.rs:185:25 in function <std::slice::Iter<'_, u8> as std::iter::Iterator>::next

Check 54: <std::slice::Iter<'_, u8> as std::iter::Iterator>::next.pointer_dereference.26
	 - Status: SUCCESS
	 - Description: "dereference failure: invalid integer address"
	 - Location: ../../../../../../../../home/runner/.rustup/toolchains/nightly-2026-08-21-x86_64-unknown-linux-gnu/lib/rustlib/src/rust/library/core/src/slice/iter/macros.rs:185:25 in function <std::slice::Iter<'_, u8> as std::iter::Iterator>::next

Check 55: <std::ptr::NonNull<u8> as std::cmp::PartialEq>::eq.pointer_dereference.1
	 - Status: SUCCESS
	 - Description: "dereference failure: pointer NULL"
	 - Location: ../../../../../../../../home/runner/.rustup/toolchains/nightly-2026-08-21-x86_64-unknown-linux-gnu/lib/rustlib/src/rust/library/core/src/ptr/non_null.rs:1663:9 in function <std::ptr::NonNull<u8> as std::cmp::PartialEq>::eq

Check 56: <std::ptr::NonNull<u8> as std::cmp::PartialEq>::eq.pointer_dereference.2
	 - Status: SUCCESS
	 - Description: "dereference failure: pointer invalid"
	 - Location: ../../../../../../../../home/runner/.rustup/toolchains/nightly-2026-08-21-x86_64-unknown-linux-gnu/lib/rustlib/src/rust/library/core/src/ptr/non_null.rs:1663:9 in function <std::ptr::NonNull<u8> as std::cmp::PartialEq>::eq

Check 57: <std::ptr::NonNull<u8> as std::cmp::PartialEq>::eq.pointer_dereference.3
	 - Status: SUCCESS
	 - Description: "dereference failure: deallocated dynamic object"
	 - Location: ../../../../../../../../home/runner/.rustup/toolchains/nightly-2026-08-21-x86_64-unknown-linux-gnu/lib/rustlib/src/rust/library/core/src/ptr/non_null.rs:1663:9 in function <std::ptr::NonNull<u8> as std::cmp::PartialEq>::eq

Check 58: <std::ptr::NonNull<u8> as std::cmp::PartialEq>::eq.pointer_dereference.4
	 - Status: SUCCESS
	 - Description: "dereference failure: dead object"
	 - Location: ../../../../../../../../home/runner/.rustup/toolchains/nightly-2026-08-21-x86_64-unknown-linux-gnu/lib/rustlib/src/rust/library/core/src/ptr/non_null.rs:1663:9 in function <std::ptr::NonNull<u8> as std::cmp::PartialEq>::eq

Check 59: <std::ptr::NonNull<u8> as std::cmp::PartialEq>::eq.pointer_dereference.5
	 - Status: SUCCESS
	 - Description: "dereference failure: pointer outside object bounds"
	 - Location: ../../../../../../../../home/runner/.rustup/toolchains/nightly-2026-08-21-x86_64-unknown-linux-gnu/lib/rustlib/src/rust/library/core/src/ptr/non_null.rs:1663:9 in function <std::ptr::NonNull<u8> as std::cmp::PartialEq>::eq

Check 60: <std::ptr::NonNull<u8> as std::cmp::PartialEq>::eq.pointer_dereference.6
	 - Status: SUCCESS
	 - Description: "dereference failure: invalid integer address"
	 - Location: ../../../../../../../../home/runner/.rustup/toolchains/nightly-2026-08-21-x86_64-unknown-linux-gnu/lib/rustlib/src/rust/library/core/src/ptr/non_null.rs:1663:9 in function <std::ptr::NonNull<u8> as std::cmp::PartialEq>::eq

Check 61: <std::ptr::NonNull<u8> as std::cmp::PartialEq>::eq.pointer_dereference.7
	 - Status: SUCCESS
	 - Description: "dereference failure: pointer NULL"
	 - Location: ../../../../../../../../home/runner/.rustup/toolchains/nightly-2026-08-21-x86_64-unknown-linux-gnu/lib/rustlib/src/rust/library/core/src/ptr/non_null.rs:1663:26 in function <std::ptr::NonNull<u8> as std::cmp::PartialEq>::eq

Check 62: <std::ptr::NonNull<u8> as std::cmp::PartialEq>::eq.pointer_dereference.8
	 - Status: SUCCESS
	 - Description: "dereference failure: pointer invalid"
	 - Location: ../../../../../../../../home/runner/.rustup/toolchains/nightly-2026-08-21-x86_64-unknown-linux-gnu/lib/rustlib/src/rust/library/core/src/ptr/non_null.rs:1663:26 in function <std::ptr::NonNull<u8> as std::cmp::PartialEq>::eq

Check 63: <std::ptr::NonNull<u8> as std::cmp::PartialEq>::eq.pointer_dereference.9
	 - Status: SUCCESS
	 - Description: "dereference failure: deallocated dynamic object"
	 - Location: ../../../../../../../../home/runner/.rustup/toolchains/nightly-2026-08-21-x86_64-unknown-linux-gnu/lib/rustlib/src/rust/library/core/src/ptr/non_null.rs:1663:26 in function <std::ptr::NonNull<u8> as std::cmp::PartialEq>::eq

Check 64: <std::ptr::NonNull<u8> as std::cmp::PartialEq>::eq.pointer_dereference.10
	 - Status: SUCCESS
	 - Description: "dereference failure: dead object"
	 - Location: ../../../../../../../../home/runner/.rustup/toolchains/nightly-2026-08-21-x86_64-unknown-linux-gnu/lib/rustlib/src/rust/library/core/src/ptr/non_null.rs:1663:26 in function <std::ptr::NonNull<u8> as std::cmp::PartialEq>::eq

Check 65: <std::ptr::NonNull<u8> as std::cmp::PartialEq>::eq.pointer_dereference.11
	 - Status: SUCCESS
	 - Description: "dereference failure: pointer outside object bounds"
	 - Location: ../../../../../../../../home/runner/.rustup/toolchains/nightly-2026-08-21-x86_64-unknown-linux-gnu/lib/rustlib/src/rust/library/core/src/ptr/non_null.rs:1663:26 in function <std::ptr::NonNull<u8> as std::cmp::PartialEq>::eq

Check 66: <std::ptr::NonNull<u8> as std::cmp::PartialEq>::eq.pointer_dereference.12
	 - Status: SUCCESS
	 - Description: "dereference failure: invalid integer address"
	 - Location: ../../../../../../../../home/runner/.rustup/toolchains/nightly-2026-08-21-x86_64-unknown-linux-gnu/lib/rustlib/src/rust/library/core/src/ptr/non_null.rs:1663:26 in function <std::ptr::NonNull<u8> as std::cmp::PartialEq>::eq


SUMMARY:
 ** 0 of 66 failed (1 unreachable)

VERIFICATION:- SUCCESSFUL
Verification Time: 0.13811526s

Checking harness domain::kani_proofs::code_sha256_fixed_length_matches_contract...
CBMC 6.11.0 (cbmc-6.11.0)
CBMC version 6.11.0 (cbmc-6.11.0) 64-bit x86_64 linux
Reading GOTO program from file /mnt/q/sdk/work/foundation-kani-068/target/kani/x86_64-unknown-linux-gnu/debug/build/acyclic-actors/ae2293718f7a5da1/out/acyclic_actors-ae2293718f7a5da1__RNvNtNtCs1wciM17XTy0_14acyclic_actors6domain11kani_proofs41code_sha256_fixed_length_matches_contract.out
Generating GOTO Program
Adding CPROVER library (x86_64)
Removal of function pointers and virtual functions
Generic Property Instrumentation
Running with 16 object bits, 48 offset bits (user-specified)
Starting Bounded Model Checking
Unwinding loop _RINvXs2J_NtNtCs8xvirJzNMvV_4core5slice4iterINtB7_4IterhENtNtNtNtBb_4iter6traits8iterator8Iterator3anyNCNvNtCs1wciM17XTy0_14acyclic_actors6domain17valid_code_sha2560EB1H_.0 iteration 1 file /home/runner/.rustup/toolchains/nightly-2026-08-21-x86_64-unknown-linux-gnu/lib/rustlib/src/rust/library/core/src/slice/iter/macros.rs line 326 column 17 function <std::slice::Iter<'_, u8> as std::iter::Iterator>::any::<{closure@rust/crates/actors/src/domain.rs:120:43: 120:49}> thread 0
Unwinding loop _RINvXs2J_NtNtCs8xvirJzNMvV_4core5slice4iterINtB7_4IterhENtNtNtNtBb_4iter6traits8iterator8Iterator3anyNCNvNtCs1wciM17XTy0_14acyclic_actors6domain17valid_code_sha2560EB1H_.0 iteration 2 file /home/runner/.rustup/toolchains/nightly-2026-08-21-x86_64-unknown-linux-gnu/lib/rustlib/src/rust/library/core/src/slice/iter/macros.rs line 326 column 17 function <std::slice::Iter<'_, u8> as std::iter::Iterator>::any::<{closure@rust/crates/actors/src/domain.rs:120:43: 120:49}> thread 0
Unwinding loop _RINvXs2J_NtNtCs8xvirJzNMvV_4core5slice4iterINtB7_4IterhENtNtNtNtBb_4iter6traits8iterator8Iterator3anyNCNvNtCs1wciM17XTy0_14acyclic_actors6domain17valid_code_sha2560EB1H_.0 iteration 3 file /home/runner/.rustup/toolchains/nightly-2026-08-21-x86_64-unknown-linux-gnu/lib/rustlib/src/rust/library/core/src/slice/iter/macros.rs line 326 column 17 function <std::slice::Iter<'_, u8> as std::iter::Iterator>::any::<{closure@rust/crates/actors/src/domain.rs:120:43: 120:49}> thread 0
Unwinding loop _RINvXs2J_NtNtCs8xvirJzNMvV_4core5slice4iterINtB7_4IterhENtNtNtNtBb_4iter6traits8iterator8Iterator3anyNCNvNtCs1wciM17XTy0_14acyclic_actors6domain17valid_code_sha2560EB1H_.0 iteration 4 file /home/runner/.rustup/toolchains/nightly-2026-08-21-x86_64-unknown-linux-gnu/lib/rustlib/src/rust/library/core/src/slice/iter/macros.rs line 326 column 17 function <std::slice::Iter<'_, u8> as std::iter::Iterator>::any::<{closure@rust/crates/actors/src/domain.rs:120:43: 120:49}> thread 0
Unwinding loop _RINvXs2J_NtNtCs8xvirJzNMvV_4core5slice4iterINtB7_4IterhENtNtNtNtBb_4iter6traits8iterator8Iterator3anyNCNvNtCs1wciM17XTy0_14acyclic_actors6domain17valid_code_sha2560EB1H_.0 iteration 5 file /home/runner/.rustup/toolchains/nightly-2026-08-21-x86_64-unknown-linux-gnu/lib/rustlib/src/rust/library/core/src/slice/iter/macros.rs line 326 column 17 function <std::slice::Iter<'_, u8> as std::iter::Iterator>::any::<{closure@rust/crates/actors/src/domain.rs:120:43: 120:49}> thread 0
Unwinding loop _RINvXs2J_NtNtCs8xvirJzNMvV_4core5slice4iterINtB7_4IterhENtNtNtNtBb_4iter6traits8iterator8Iterator3anyNCNvNtCs1wciM17XTy0_14acyclic_actors6domain17valid_code_sha2560EB1H_.0 iteration 6 file /home/runner/.rustup/toolchains/nightly-2026-08-21-x86_64-unknown-linux-gnu/lib/rustlib/src/rust/library/core/src/slice/iter/macros.rs line 326 column 17 function <std::slice::Iter<'_, u8> as std::iter::Iterator>::any::<{closure@rust/crates/actors/src/domain.rs:120:43: 120:49}> thread 0
Unwinding loop _RINvXs2J_NtNtCs8xvirJzNMvV_4core5slice4iterINtB7_4IterhENtNtNtNtBb_4iter6traits8iterator8Iterator3anyNCNvNtCs1wciM17XTy0_14acyclic_actors6domain17valid_code_sha2560EB1H_.0 iteration 7 file /home/runner/.rustup/toolchains/nightly-2026-08-21-x86_64-unknown-linux-gnu/lib/rustlib/src/rust/library/core/src/slice/iter/macros.rs line 326 column 17 function <std::slice::Iter<'_, u8> as std::iter::Iterator>::any::<{closure@rust/crates/actors/src/domain.rs:120:43: 120:49}> thread 0
Unwinding loop _RINvXs2J_NtNtCs8xvirJzNMvV_4core5slice4iterINtB7_4IterhENtNtNtNtBb_4iter6traits8iterator8Iterator3anyNCNvNtCs1wciM17XTy0_14acyclic_actors6domain17valid_code_sha2560EB1H_.0 iteration 8 file /home/runner/.rustup/toolchains/nightly-2026-08-21-x86_64-unknown-linux-gnu/lib/rustlib/src/rust/library/core/src/slice/iter/macros.rs line 326 column 17 function <std::slice::Iter<'_, u8> as std::iter::Iterator>::any::<{closure@rust/crates/actors/src/domain.rs:120:43: 120:49}> thread 0
Unwinding loop _RINvXs2J_NtNtCs8xvirJzNMvV_4core5slice4iterINtB7_4IterhENtNtNtNtBb_4iter6traits8iterator8Iterator3anyNCNvNtCs1wciM17XTy0_14acyclic_actors6domain17valid_code_sha2560EB1H_.0 iteration 9 file /home/runner/.rustup/toolchains/nightly-2026-08-21-x86_64-unknown-linux-gnu/lib/rustlib/src/rust/library/core/src/slice/iter/macros.rs line 326 column 17 function <std::slice::Iter<'_, u8> as std::iter::Iterator>::any::<{closure@rust/crates/actors/src/domain.rs:120:43: 120:49}> thread 0
Unwinding loop _RINvXs2J_NtNtCs8xvirJzNMvV_4core5slice4iterINtB7_4IterhENtNtNtNtBb_4iter6traits8iterator8Iterator3anyNCNvNtCs1wciM17XTy0_14acyclic_actors6domain17valid_code_sha2560EB1H_.0 iteration 10 file /home/runner/.rustup/toolchains/nightly-2026-08-21-x86_64-unknown-linux-gnu/lib/rustlib/src/rust/library/core/src/slice/iter/macros.rs line 326 column 17 function <std::slice::Iter<'_, u8> as std::iter::Iterator>::any::<{closure@rust/crates/actors/src/domain.rs:120:43: 120:49}> thread 0
Unwinding loop _RINvXs2J_NtNtCs8xvirJzNMvV_4core5slice4iterINtB7_4IterhENtNtNtNtBb_4iter6traits8iterator8Iterator3anyNCNvNtCs1wciM17XTy0_14acyclic_actors6domain17valid_code_sha2560EB1H_.0 iteration 11 file /home/runner/.rustup/toolchains/nightly-2026-08-21-x86_64-unknown-linux-gnu/lib/rustlib/src/rust/library/core/src/slice/iter/macros.rs line 326 column 17 function <std::slice::Iter<'_, u8> as std::iter::Iterator>::any::<{closure@rust/crates/actors/src/domain.rs:120:43: 120:49}> thread 0
Unwinding loop _RINvXs2J_NtNtCs8xvirJzNMvV_4core5slice4iterINtB7_4IterhENtNtNtNtBb_4iter6traits8iterator8Iterator3anyNCNvNtCs1wciM17XTy0_14acyclic_actors6domain17valid_code_sha2560EB1H_.0 iteration 12 file /home/runner/.rustup/toolchains/nightly-2026-08-21-x86_64-unknown-linux-gnu/lib/rustlib/src/rust/library/core/src/slice/iter/macros.rs line 326 column 17 function <std::slice::Iter<'_, u8> as std::iter::Iterator>::any::<{closure@rust/crates/actors/src/domain.rs:120:43: 120:49}> thread 0
Unwinding loop _RINvXs2J_NtNtCs8xvirJzNMvV_4core5slice4iterINtB7_4IterhENtNtNtNtBb_4iter6traits8iterator8Iterator3anyNCNvNtCs1wciM17XTy0_14acyclic_actors6domain17valid_code_sha2560EB1H_.0 iteration 13 file /home/runner/.rustup/toolchains/nightly-2026-08-21-x86_64-unknown-linux-gnu/lib/rustlib/src/rust/library/core/src/slice/iter/macros.rs line 326 column 17 function <std::slice::Iter<'_, u8> as std::iter::Iterator>::any::<{closure@rust/crates/actors/src/domain.rs:120:43: 120:49}> thread 0
Unwinding loop _RINvXs2J_NtNtCs8xvirJzNMvV_4core5slice4iterINtB7_4IterhENtNtNtNtBb_4iter6traits8iterator8Iterator3anyNCNvNtCs1wciM17XTy0_14acyclic_actors6domain17valid_code_sha2560EB1H_.0 iteration 14 file /home/runner/.rustup/toolchains/nightly-2026-08-21-x86_64-unknown-linux-gnu/lib/rustlib/src/rust/library/core/src/slice/iter/macros.rs line 326 column 17 function <std::slice::Iter<'_, u8> as std::iter::Iterator>::any::<{closure@rust/crates/actors/src/domain.rs:120:43: 120:49}> thread 0
Unwinding loop _RINvXs2J_NtNtCs8xvirJzNMvV_4core5slice4iterINtB7_4IterhENtNtNtNtBb_4iter6traits8iterator8Iterator3anyNCNvNtCs1wciM17XTy0_14acyclic_actors6domain17valid_code_sha2560EB1H_.0 iteration 15 file /home/runner/.rustup/toolchains/nightly-2026-08-21-x86_64-unknown-linux-gnu/lib/rustlib/src/rust/library/core/src/slice/iter/macros.rs line 326 column 17 function <std::slice::Iter<'_, u8> as std::iter::Iterator>::any::<{closure@rust/crates/actors/src/domain.rs:120:43: 120:49}> thread 0
Unwinding loop _RINvXs2J_NtNtCs8xvirJzNMvV_4core5slice4iterINtB7_4IterhENtNtNtNtBb_4iter6traits8iterator8Iterator3anyNCNvNtCs1wciM17XTy0_14acyclic_actors6domain17valid_code_sha2560EB1H_.0 iteration 16 file /home/runner/.rustup/toolchains/nightly-2026-08-21-x86_64-unknown-linux-gnu/lib/rustlib/src/rust/library/core/src/slice/iter/macros.rs line 326 column 17 function <std::slice::Iter<'_, u8> as std::iter::Iterator>::any::<{closure@rust/crates/actors/src/domain.rs:120:43: 120:49}> thread 0
Unwinding loop _RINvXs2J_NtNtCs8xvirJzNMvV_4core5slice4iterINtB7_4IterhENtNtNtNtBb_4iter6traits8iterator8Iterator3anyNCNvNtCs1wciM17XTy0_14acyclic_actors6domain17valid_code_sha2560EB1H_.0 iteration 17 file /home/runner/.rustup/toolchains/nightly-2026-08-21-x86_64-unknown-linux-gnu/lib/rustlib/src/rust/library/core/src/slice/iter/macros.rs line 326 column 17 function <std::slice::Iter<'_, u8> as std::iter::Iterator>::any::<{closure@rust/crates/actors/src/domain.rs:120:43: 120:49}> thread 0
Unwinding loop _RINvXs2J_NtNtCs8xvirJzNMvV_4core5slice4iterINtB7_4IterhENtNtNtNtBb_4iter6traits8iterator8Iterator3anyNCNvNtCs1wciM17XTy0_14acyclic_actors6domain17valid_code_sha2560EB1H_.0 iteration 18 file /home/runner/.rustup/toolchains/nightly-2026-08-21-x86_64-unknown-linux-gnu/lib/rustlib/src/rust/library/core/src/slice/iter/macros.rs line 326 column 17 function <std::slice::Iter<'_, u8> as std::iter::Iterator>::any::<{closure@rust/crates/actors/src/domain.rs:120:43: 120:49}> thread 0
Unwinding loop _RINvXs2J_NtNtCs8xvirJzNMvV_4core5slice4iterINtB7_4IterhENtNtNtNtBb_4iter6traits8iterator8Iterator3anyNCNvNtCs1wciM17XTy0_14acyclic_actors6domain17valid_code_sha2560EB1H_.0 iteration 19 file /home/runner/.rustup/toolchains/nightly-2026-08-21-x86_64-unknown-linux-gnu/lib/rustlib/src/rust/library/core/src/slice/iter/macros.rs line 326 column 17 function <std::slice::Iter<'_, u8> as std::iter::Iterator>::any::<{closure@rust/crates/actors/src/domain.rs:120:43: 120:49}> thread 0
Unwinding loop _RINvXs2J_NtNtCs8xvirJzNMvV_4core5slice4iterINtB7_4IterhENtNtNtNtBb_4iter6traits8iterator8Iterator3anyNCNvNtCs1wciM17XTy0_14acyclic_actors6domain17valid_code_sha2560EB1H_.0 iteration 20 file /home/runner/.rustup/toolchains/nightly-2026-08-21-x86_64-unknown-linux-gnu/lib/rustlib/src/rust/library/core/src/slice/iter/macros.rs line 326 column 17 function <std::slice::Iter<'_, u8> as std::iter::Iterator>::any::<{closure@rust/crates/actors/src/domain.rs:120:43: 120:49}> thread 0
Unwinding loop _RINvXs2J_NtNtCs8xvirJzNMvV_4core5slice4iterINtB7_4IterhENtNtNtNtBb_4iter6traits8iterator8Iterator3anyNCNvNtCs1wciM17XTy0_14acyclic_actors6domain17valid_code_sha2560EB1H_.0 iteration 21 file /home/runner/.rustup/toolchains/nightly-2026-08-21-x86_64-unknown-linux-gnu/lib/rustlib/src/rust/library/core/src/slice/iter/macros.rs line 326 column 17 function <std::slice::Iter<'_, u8> as std::iter::Iterator>::any::<{closure@rust/crates/actors/src/domain.rs:120:43: 120:49}> thread 0
Unwinding loop _RINvXs2J_NtNtCs8xvirJzNMvV_4core5slice4iterINtB7_4IterhENtNtNtNtBb_4iter6traits8iterator8Iterator3anyNCNvNtCs1wciM17XTy0_14acyclic_actors6domain17valid_code_sha2560EB1H_.0 iteration 22 file /home/runner/.rustup/toolchains/nightly-2026-08-21-x86_64-unknown-linux-gnu/lib/rustlib/src/rust/library/core/src/slice/iter/macros.rs line 326 column 17 function <std::slice::Iter<'_, u8> as std::iter::Iterator>::any::<{closure@rust/crates/actors/src/domain.rs:120:43: 120:49}> thread 0
Unwinding loop _RINvXs2J_NtNtCs8xvirJzNMvV_4core5slice4iterINtB7_4IterhENtNtNtNtBb_4iter6traits8iterator8Iterator3anyNCNvNtCs1wciM17XTy0_14acyclic_actors6domain17valid_code_sha2560EB1H_.0 iteration 23 file /home/runner/.rustup/toolchains/nightly-2026-08-21-x86_64-unknown-linux-gnu/lib/rustlib/src/rust/library/core/src/slice/iter/macros.rs line 326 column 17 function <std::slice::Iter<'_, u8> as std::iter::Iterator>::any::<{closure@rust/crates/actors/src/domain.rs:120:43: 120:49}> thread 0
Unwinding loop _RINvXs2J_NtNtCs8xvirJzNMvV_4core5slice4iterINtB7_4IterhENtNtNtNtBb_4iter6traits8iterator8Iterator3anyNCNvNtCs1wciM17XTy0_14acyclic_actors6domain17valid_code_sha2560EB1H_.0 iteration 24 file /home/runner/.rustup/toolchains/nightly-2026-08-21-x86_64-unknown-linux-gnu/lib/rustlib/src/rust/library/core/src/slice/iter/macros.rs line 326 column 17 function <std::slice::Iter<'_, u8> as std::iter::Iterator>::any::<{closure@rust/crates/actors/src/domain.rs:120:43: 120:49}> thread 0
Unwinding loop _RINvXs2J_NtNtCs8xvirJzNMvV_4core5slice4iterINtB7_4IterhENtNtNtNtBb_4iter6traits8iterator8Iterator3anyNCNvNtCs1wciM17XTy0_14acyclic_actors6domain17valid_code_sha2560EB1H_.0 iteration 25 file /home/runner/.rustup/toolchains/nightly-2026-08-21-x86_64-unknown-linux-gnu/lib/rustlib/src/rust/library/core/src/slice/iter/macros.rs line 326 column 17 function <std::slice::Iter<'_, u8> as std::iter::Iterator>::any::<{closure@rust/crates/actors/src/domain.rs:120:43: 120:49}> thread 0
Unwinding loop _RINvXs2J_NtNtCs8xvirJzNMvV_4core5slice4iterINtB7_4IterhENtNtNtNtBb_4iter6traits8iterator8Iterator3anyNCNvNtCs1wciM17XTy0_14acyclic_actors6domain17valid_code_sha2560EB1H_.0 iteration 26 file /home/runner/.rustup/toolchains/nightly-2026-08-21-x86_64-unknown-linux-gnu/lib/rustlib/src/rust/library/core/src/slice/iter/macros.rs line 326 column 17 function <std::slice::Iter<'_, u8> as std::iter::Iterator>::any::<{closure@rust/crates/actors/src/domain.rs:120:43: 120:49}> thread 0
Unwinding loop _RINvXs2J_NtNtCs8xvirJzNMvV_4core5slice4iterINtB7_4IterhENtNtNtNtBb_4iter6traits8iterator8Iterator3anyNCNvNtCs1wciM17XTy0_14acyclic_actors6domain17valid_code_sha2560EB1H_.0 iteration 27 file /home/runner/.rustup/toolchains/nightly-2026-08-21-x86_64-unknown-linux-gnu/lib/rustlib/src/rust/library/core/src/slice/iter/macros.rs line 326 column 17 function <std::slice::Iter<'_, u8> as std::iter::Iterator>::any::<{closure@rust/crates/actors/src/domain.rs:120:43: 120:49}> thread 0
Unwinding loop _RINvXs2J_NtNtCs8xvirJzNMvV_4core5slice4iterINtB7_4IterhENtNtNtNtBb_4iter6traits8iterator8Iterator3anyNCNvNtCs1wciM17XTy0_14acyclic_actors6domain17valid_code_sha2560EB1H_.0 iteration 28 file /home/runner/.rustup/toolchains/nightly-2026-08-21-x86_64-unknown-linux-gnu/lib/rustlib/src/rust/library/core/src/slice/iter/macros.rs line 326 column 17 function <std::slice::Iter<'_, u8> as std::iter::Iterator>::any::<{closure@rust/crates/actors/src/domain.rs:120:43: 120:49}> thread 0
Unwinding loop _RINvXs2J_NtNtCs8xvirJzNMvV_4core5slice4iterINtB7_4IterhENtNtNtNtBb_4iter6traits8iterator8Iterator3anyNCNvNtCs1wciM17XTy0_14acyclic_actors6domain17valid_code_sha2560EB1H_.0 iteration 29 file /home/runner/.rustup/toolchains/nightly-2026-08-21-x86_64-unknown-linux-gnu/lib/rustlib/src/rust/library/core/src/slice/iter/macros.rs line 326 column 17 function <std::slice::Iter<'_, u8> as std::iter::Iterator>::any::<{closure@rust/crates/actors/src/domain.rs:120:43: 120:49}> thread 0
Unwinding loop _RINvXs2J_NtNtCs8xvirJzNMvV_4core5slice4iterINtB7_4IterhENtNtNtNtBb_4iter6traits8iterator8Iterator3anyNCNvNtCs1wciM17XTy0_14acyclic_actors6domain17valid_code_sha2560EB1H_.0 iteration 30 file /home/runner/.rustup/toolchains/nightly-2026-08-21-x86_64-unknown-linux-gnu/lib/rustlib/src/rust/library/core/src/slice/iter/macros.rs line 326 column 17 function <std::slice::Iter<'_, u8> as std::iter::Iterator>::any::<{closure@rust/crates/actors/src/domain.rs:120:43: 120:49}> thread 0
Unwinding loop _RINvXs2J_NtNtCs8xvirJzNMvV_4core5slice4iterINtB7_4IterhENtNtNtNtBb_4iter6traits8iterator8Iterator3anyNCNvNtCs1wciM17XTy0_14acyclic_actors6domain17valid_code_sha2560EB1H_.0 iteration 31 file /home/runner/.rustup/toolchains/nightly-2026-08-21-x86_64-unknown-linux-gnu/lib/rustlib/src/rust/library/core/src/slice/iter/macros.rs line 326 column 17 function <std::slice::Iter<'_, u8> as std::iter::Iterator>::any::<{closure@rust/crates/actors/src/domain.rs:120:43: 120:49}> thread 0
Unwinding loop _RINvXs2J_NtNtCs8xvirJzNMvV_4core5slice4iterINtB7_4IterhENtNtNtNtBb_4iter6traits8iterator8Iterator3anyNCNvNtCs1wciM17XTy0_14acyclic_actors6domain17valid_code_sha2560EB1H_.0 iteration 32 file /home/runner/.rustup/toolchains/nightly-2026-08-21-x86_64-unknown-linux-gnu/lib/rustlib/src/rust/library/core/src/slice/iter/macros.rs line 326 column 17 function <std::slice::Iter<'_, u8> as std::iter::Iterator>::any::<{closure@rust/crates/actors/src/domain.rs:120:43: 120:49}> thread 0
Unwinding loop memcmp.0 iteration 1 file <builtin-library-memcmp> line 25 function memcmp thread 0
Unwinding loop memcmp.0 iteration 2 file <builtin-library-memcmp> line 25 function memcmp thread 0
Unwinding loop memcmp.0 iteration 3 file <builtin-library-memcmp> line 25 function memcmp thread 0
Unwinding loop memcmp.0 iteration 4 file <builtin-library-memcmp> line 25 function memcmp thread 0
Unwinding loop memcmp.0 iteration 5 file <builtin-library-memcmp> line 25 function memcmp thread 0
Unwinding loop memcmp.0 iteration 6 file <builtin-library-memcmp> line 25 function memcmp thread 0
Unwinding loop memcmp.0 iteration 7 file <builtin-library-memcmp> line 25 function memcmp thread 0
Unwinding loop memcmp.0 iteration 8 file <builtin-library-memcmp> line 25 function memcmp thread 0
Unwinding loop memcmp.0 iteration 9 file <builtin-library-memcmp> line 25 function memcmp thread 0
Unwinding loop memcmp.0 iteration 10 file <builtin-library-memcmp> line 25 function memcmp thread 0
Unwinding loop memcmp.0 iteration 11 file <builtin-library-memcmp> line 25 function memcmp thread 0
Unwinding loop memcmp.0 iteration 12 file <builtin-library-memcmp> line 25 function memcmp thread 0
Unwinding loop memcmp.0 iteration 13 file <builtin-library-memcmp> line 25 function memcmp thread 0
Unwinding loop memcmp.0 iteration 14 file <builtin-library-memcmp> line 25 function memcmp thread 0
Unwinding loop memcmp.0 iteration 15 file <builtin-library-memcmp> line 25 function memcmp thread 0
Unwinding loop memcmp.0 iteration 16 file <builtin-library-memcmp> line 25 function memcmp thread 0
Unwinding loop memcmp.0 iteration 17 file <builtin-library-memcmp> line 25 function memcmp thread 0
Unwinding loop memcmp.0 iteration 18 file <builtin-library-memcmp> line 25 function memcmp thread 0
Unwinding loop memcmp.0 iteration 19 file <builtin-library-memcmp> line 25 function memcmp thread 0
Unwinding loop memcmp.0 iteration 20 file <builtin-library-memcmp> line 25 function memcmp thread 0
Unwinding loop memcmp.0 iteration 21 file <builtin-library-memcmp> line 25 function memcmp thread 0
Unwinding loop memcmp.0 iteration 22 file <builtin-library-memcmp> line 25 function memcmp thread 0
Unwinding loop memcmp.0 iteration 23 file <builtin-library-memcmp> line 25 function memcmp thread 0
Unwinding loop memcmp.0 iteration 24 file <builtin-library-memcmp> line 25 function memcmp thread 0
Unwinding loop memcmp.0 iteration 25 file <builtin-library-memcmp> line 25 function memcmp thread 0
Unwinding loop memcmp.0 iteration 26 file <builtin-library-memcmp> line 25 function memcmp thread 0
Unwinding loop memcmp.0 iteration 27 file <builtin-library-memcmp> line 25 function memcmp thread 0
Unwinding loop memcmp.0 iteration 28 file <builtin-library-memcmp> line 25 function memcmp thread 0
Unwinding loop memcmp.0 iteration 29 file <builtin-library-memcmp> line 25 function memcmp thread 0
Unwinding loop memcmp.0 iteration 30 file <builtin-library-memcmp> line 25 function memcmp thread 0
Unwinding loop memcmp.0 iteration 31 file <builtin-library-memcmp> line 25 function memcmp thread 0
Unwinding loop memcmp.0 iteration 32 file <builtin-library-memcmp> line 25 function memcmp thread 0
Runtime Symex: 1.19145s
size of program expression: 28665 steps
slicing removed 23111 assignments
Generated 1953 VCC(s), 35 remaining after simplification
Runtime Postprocess Equation: 0.016202s
Passing problem to propositional reduction
converting SSA
Runtime Convert SSA: 0.118691s
Running propositional reduction
Post-processing
Runtime Post-process: 3.274e-05s
Solving with CaDiCaL 3.0.0
72683 variables, 75686 clauses
SAT checker: instance is SATISFIABLE
Runtime Solver: 0.00237292s
Runtime decision procedure: 0.124605s
Running propositional reduction
Solving with CaDiCaL 3.0.0
72684 variables, 75687 clauses
SAT checker: instance is UNSATISFIABLE
Runtime Solver: 0.00797117s
Runtime decision procedure: 0.00860439s

RESULTS:
Check 1: domain::kani_proofs::code_sha256_fixed_length_matches_contract.assertion.1
	 - Status: SUCCESS
	 - Description: "assertion failed: valid_code_sha256(&bytes) == bytes != [0; 32]"
	 - Location: rust/crates/actors/src/domain/kani_proofs.rs:15:5 in function domain::kani_proofs::code_sha256_fixed_length_matches_contract

Check 2: memcmp.precondition.1
	 - Status: SUCCESS
	 - Description: "memcmp region 1 readable"
	 - Location: <builtin-library-memcmp>:19 in function memcmp

Check 3: memcmp.precondition.2
	 - Status: SUCCESS
	 - Description: "memcpy region 2 readable"
	 - Location: <builtin-library-memcmp>:21 in function memcmp

Check 4: std::panic::Location::<'_>::caller.unsupported_construct.1
	 - Status: SUCCESS
	 - Description: "caller_location is not currently supported by Kani. Please post your example at https://github.com/model-checking/kani/issues/374"
	 - Location: ../../../../../../../../home/runner/.rustup/toolchains/nightly-2026-08-21-x86_64-unknown-linux-gnu/lib/rustlib/src/rust/library/core/src/panic/location.rs:181:9 in function std::panic::Location::<'_>::caller

Check 5: <usize as kani::rustc_intrinsics::ToISize>::to_isize.unreachable.1
	 - Status: SUCCESS
	 - Description: "unreachable code"
	 - Location: library/kani_core/src/models.rs:203:17 in function <usize as kani::rustc_intrinsics::ToISize>::to_isize

Check 6: <usize as kani::rustc_intrinsics::ToISize>::to_isize.safety_check.1
	 - Status: SUCCESS
	 - Description: "Offset value overflows isize"
	 - Location: library/kani/src/lib.rs:57:1 in function <usize as kani::rustc_intrinsics::ToISize>::to_isize

Check 7: <usize as kani::rustc_intrinsics::ToISize>::to_isize.assertion.1
	 - Status: SUCCESS
	 - Description: "internal error: entered unreachable code"
	 - Location: library/kani/src/lib.rs:57:1 in function <usize as kani::rustc_intrinsics::ToISize>::to_isize

Check 8: kani::mem::cbmc::same_allocation.unsupported_construct.1
	 - Status: SUCCESS
	 - Description: "Kani does not support reasoning about pointer to unallocated memory"
	 - Location: library/kani/src/lib.rs:57:1 in function kani::mem::cbmc::same_allocation

Check 9: core::num::<impl usize>::unchecked_sub.arithmetic_overflow.1
	 - Status: SUCCESS
	 - Description: "attempt to compute `unchecked_sub` which would overflow"
	 - Location: ../../../../../../../../home/runner/.rustup/toolchains/nightly-2026-08-21-x86_64-unknown-linux-gnu/lib/rustlib/src/rust/library/core/src/num/uint_macros.rs:1192:17 in function core::num::<impl usize>::unchecked_sub

Check 10: <std::slice::Iter<'_, u8> as std::iter::Iterator>::any::<{closure@rust/crates/actors/src/domain.rs:120:43: 120:49}>.unreachable.1
	 - Status: SUCCESS
	 - Description: "unreachable code"
	 - Location: ../../../../../../../../home/runner/.rustup/toolchains/nightly-2026-08-21-x86_64-unknown-linux-gnu/lib/rustlib/src/rust/library/core/src/slice/iter/macros.rs:321:13 in function <std::slice::Iter<'_, u8> as std::iter::Iterator>::any::<{closure@rust/crates/actors/src/domain.rs:120:43: 120:49}>

Check 11: core::panicking::panic_nounwind_fmt::runtime.unsupported_construct.1
	 - Status: SUCCESS
	 - Description: "call to foreign "Rust" function `_RNvCskSgPeDzUGbv_7___rustc17rust_begin_unwind` is not currently supported by Kani. Please post your example at https://github.com/model-checking/kani/issues/new/choose"
	 - Location: ../../../../../../../../home/runner/.rustup/toolchains/nightly-2026-08-21-x86_64-unknown-linux-gnu/lib/rustlib/src/rust/library/core/src/panicking.rs:110:17 in function core::panicking::panic_nounwind_fmt::runtime

Check 12: std::fmt::Arguments::<'_>::from_str.assertion.1
	 - Status: UNREACHABLE
	 - Description: "attempt to shift left with overflow"
	 - Location: ../../../../../../../../home/runner/.rustup/toolchains/nightly-2026-08-21-x86_64-unknown-linux-gnu/lib/rustlib/src/rust/library/core/src/fmt/mod.rs:820:38 in function std::fmt::Arguments::<'_>::from_str

Check 13: std::ptr::NonNull::<u8>::as_ref::<'_>.safety_check.1
	 - Status: SUCCESS
	 - Description: "misaligned pointer to reference cast: address must be a multiple of its type's alignment"
	 - Location: ../../../../../../../../home/runner/.rustup/toolchains/nightly-2026-08-21-x86_64-unknown-linux-gnu/lib/rustlib/src/rust/library/core/src/ptr/non_null.rs:454:18 in function std::ptr::NonNull::<u8>::as_ref::<'_>

Check 14: std::ptr::NonNull::<u8>::as_ref::<'_>.safety_check.2
	 - Status: SUCCESS
	 - Description: "dereference failure: pointer invalid"
	 - Location: ../../../../../../../../home/runner/.rustup/toolchains/nightly-2026-08-21-x86_64-unknown-linux-gnu/lib/rustlib/src/rust/library/core/src/ptr/non_null.rs:454:18 in function std::ptr::NonNull::<u8>::as_ref::<'_>

Check 15: kani::rustc_intrinsics::offset::<u8, *mut u8, usize>.safety_check.1
	 - Status: SUCCESS
	 - Description: "Offset in bytes overflows isize"
	 - Location: library/kani/src/lib.rs:57:1 in function kani::rustc_intrinsics::offset::<u8, *mut u8, usize>

Check 16: kani::rustc_intrinsics::offset::<u8, *mut u8, usize>.safety_check.2
	 - Status: SUCCESS
	 - Description: "Offset result address must equal original pointer address plus offset"
	 - Location: library/kani/src/lib.rs:57:1 in function kani::rustc_intrinsics::offset::<u8, *mut u8, usize>

Check 17: kani::rustc_intrinsics::offset::<u8, *mut u8, usize>.safety_check.3
	 - Status: SUCCESS
	 - Description: "Offset result and original pointer must point to the same allocation"
	 - Location: library/kani/src/lib.rs:57:1 in function kani::rustc_intrinsics::offset::<u8, *mut u8, usize>

Check 18: <std::slice::Iter<'_, u8> as std::iter::Iterator>::any::<{closure@rust/crates/actors/src/domain.rs:120:43: 120:49}>.pointer_dereference.1
	 - Status: SUCCESS
	 - Description: "dereference failure: dead object"
	 - Location: ../../../../../../../../home/runner/.rustup/toolchains/nightly-2026-08-21-x86_64-unknown-linux-gnu/lib/rustlib/src/rust/library/core/src/slice/iter/macros.rs:326:37 in function <std::slice::Iter<'_, u8> as std::iter::Iterator>::any::<{closure@rust/crates/actors/src/domain.rs:120:43: 120:49}>

Check 19: domain::valid_code_sha256::{closure#0}.pointer_dereference.1
	 - Status: SUCCESS
	 - Description: "dereference failure: pointer NULL"
	 - Location: rust/crates/actors/src/domain.rs:120:50 in function domain::valid_code_sha256::{closure#0}

Check 20: domain::valid_code_sha256::{closure#0}.pointer_dereference.2
	 - Status: SUCCESS
	 - Description: "dereference failure: pointer invalid"
	 - Location: rust/crates/actors/src/domain.rs:120:50 in function domain::valid_code_sha256::{closure#0}

Check 21: domain::valid_code_sha256::{closure#0}.pointer_dereference.3
	 - Status: SUCCESS
	 - Description: "dereference failure: deallocated dynamic object"
	 - Location: rust/crates/actors/src/domain.rs:120:50 in function domain::valid_code_sha256::{closure#0}

Check 22: domain::valid_code_sha256::{closure#0}.pointer_dereference.4
	 - Status: SUCCESS
	 - Description: "dereference failure: dead object"
	 - Location: rust/crates/actors/src/domain.rs:120:50 in function domain::valid_code_sha256::{closure#0}

Check 23: domain::valid_code_sha256::{closure#0}.pointer_dereference.5
	 - Status: SUCCESS
	 - Description: "dereference failure: pointer outside object bounds"
	 - Location: rust/crates/actors/src/domain.rs:120:50 in function domain::valid_code_sha256::{closure#0}

Check 24: domain::valid_code_sha256::{closure#0}.pointer_dereference.6
	 - Status: SUCCESS
	 - Description: "dereference failure: invalid integer address"
	 - Location: rust/crates/actors/src/domain.rs:120:50 in function domain::valid_code_sha256::{closure#0}

Check 25: std::ptr::NonNull::<u8>::as_ref::<'_>.pointer_dereference.1
	 - Status: SUCCESS
	 - Description: "dereference failure: pointer NULL"
	 - Location: ../../../../../../../../home/runner/.rustup/toolchains/nightly-2026-08-21-x86_64-unknown-linux-gnu/lib/rustlib/src/rust/library/core/src/ptr/non_null.rs:454:20 in function std::ptr::NonNull::<u8>::as_ref::<'_>

Check 26: std::ptr::NonNull::<u8>::as_ref::<'_>.pointer_dereference.2
	 - Status: SUCCESS
	 - Description: "dereference failure: pointer invalid"
	 - Location: ../../../../../../../../home/runner/.rustup/toolchains/nightly-2026-08-21-x86_64-unknown-linux-gnu/lib/rustlib/src/rust/library/core/src/ptr/non_null.rs:454:20 in function std::ptr::NonNull::<u8>::as_ref::<'_>

Check 27: std::ptr::NonNull::<u8>::as_ref::<'_>.pointer_dereference.3
	 - Status: SUCCESS
	 - Description: "dereference failure: deallocated dynamic object"
	 - Location: ../../../../../../../../home/runner/.rustup/toolchains/nightly-2026-08-21-x86_64-unknown-linux-gnu/lib/rustlib/src/rust/library/core/src/ptr/non_null.rs:454:20 in function std::ptr::NonNull::<u8>::as_ref::<'_>

Check 28: std::ptr::NonNull::<u8>::as_ref::<'_>.pointer_dereference.4
	 - Status: SUCCESS
	 - Description: "dereference failure: dead object"
	 - Location: ../../../../../../../../home/runner/.rustup/toolchains/nightly-2026-08-21-x86_64-unknown-linux-gnu/lib/rustlib/src/rust/library/core/src/ptr/non_null.rs:454:20 in function std::ptr::NonNull::<u8>::as_ref::<'_>

Check 29: std::ptr::NonNull::<u8>::as_ref::<'_>.pointer_dereference.5
	 - Status: SUCCESS
	 - Description: "dereference failure: pointer outside object bounds"
	 - Location: ../../../../../../../../home/runner/.rustup/toolchains/nightly-2026-08-21-x86_64-unknown-linux-gnu/lib/rustlib/src/rust/library/core/src/ptr/non_null.rs:454:20 in function std::ptr::NonNull::<u8>::as_ref::<'_>

Check 30: std::ptr::NonNull::<u8>::as_ref::<'_>.pointer_dereference.6
	 - Status: SUCCESS
	 - Description: "dereference failure: invalid integer address"
	 - Location: ../../../../../../../../home/runner/.rustup/toolchains/nightly-2026-08-21-x86_64-unknown-linux-gnu/lib/rustlib/src/rust/library/core/src/ptr/non_null.rs:454:20 in function std::ptr::NonNull::<u8>::as_ref::<'_>

Check 31: <std::slice::Iter<'_, u8> as std::iter::Iterator>::next.pointer_dereference.1
	 - Status: SUCCESS
	 - Description: "dereference failure: pointer NULL"
	 - Location: ../../../../../../../../home/runner/.rustup/toolchains/nightly-2026-08-21-x86_64-unknown-linux-gnu/lib/rustlib/src/rust/library/core/src/slice/iter/macros.rs:161:27 in function <std::slice::Iter<'_, u8> as std::iter::Iterator>::next

Check 32: <std::slice::Iter<'_, u8> as std::iter::Iterator>::next.pointer_dereference.2
	 - Status: SUCCESS
	 - Description: "dereference failure: pointer invalid"
	 - Location: ../../../../../../../../home/runner/.rustup/toolchains/nightly-2026-08-21-x86_64-unknown-linux-gnu/lib/rustlib/src/rust/library/core/src/slice/iter/macros.rs:161:27 in function <std::slice::Iter<'_, u8> as std::iter::Iterator>::next

Check 33: <std::slice::Iter<'_, u8> as std::iter::Iterator>::next.pointer_dereference.3
	 - Status: SUCCESS
	 - Description: "dereference failure: deallocated dynamic object"
	 - Location: ../../../../../../../../home/runner/.rustup/toolchains/nightly-2026-08-21-x86_64-unknown-linux-gnu/lib/rustlib/src/rust/library/core/src/slice/iter/macros.rs:161:27 in function <std::slice::Iter<'_, u8> as std::iter::Iterator>::next

Check 34: <std::slice::Iter<'_, u8> as std::iter::Iterator>::next.pointer_dereference.4
	 - Status: SUCCESS
	 - Description: "dereference failure: dead object"
	 - Location: ../../../../../../../../home/runner/.rustup/toolchains/nightly-2026-08-21-x86_64-unknown-linux-gnu/lib/rustlib/src/rust/library/core/src/slice/iter/macros.rs:161:27 in function <std::slice::Iter<'_, u8> as std::iter::Iterator>::next

Check 35: <std::slice::Iter<'_, u8> as std::iter::Iterator>::next.pointer_dereference.5
	 - Status: SUCCESS
	 - Description: "dereference failure: pointer outside object bounds"
	 - Location: ../../../../../../../../home/runner/.rustup/toolchains/nightly-2026-08-21-x86_64-unknown-linux-gnu/lib/rustlib/src/rust/library/core/src/slice/iter/macros.rs:161:27 in function <std::slice::Iter<'_, u8> as std::iter::Iterator>::next

Check 36: <std::slice::Iter<'_, u8> as std::iter::Iterator>::next.pointer_dereference.6
	 - Status: SUCCESS
	 - Description: "dereference failure: invalid integer address"
	 - Location: ../../../../../../../../home/runner/.rustup/toolchains/nightly-2026-08-21-x86_64-unknown-linux-gnu/lib/rustlib/src/rust/library/core/src/slice/iter/macros.rs:161:27 in function <std::slice::Iter<'_, u8> as std::iter::Iterator>::next

Check 37: <std::slice::Iter<'_, u8> as std::iter::Iterator>::next.pointer_dereference.7
	 - Status: SUCCESS
	 - Description: "dereference failure: pointer NULL"
	 - Location: ../../../../../../../../home/runner/.rustup/toolchains/nightly-2026-08-21-x86_64-unknown-linux-gnu/lib/rustlib/src/rust/library/core/src/slice/iter/macros.rs:162:34 in function <std::slice::Iter<'_, u8> as std::iter::Iterator>::next

Check 38: <std::slice::Iter<'_, u8> as std::iter::Iterator>::next.pointer_dereference.8
	 - Status: SUCCESS
	 - Description: "dereference failure: pointer invalid"
	 - Location: ../../../../../../../../home/runner/.rustup/toolchains/nightly-2026-08-21-x86_64-unknown-linux-gnu/lib/rustlib/src/rust/library/core/src/slice/iter/macros.rs:162:34 in function <std::slice::Iter<'_, u8> as std::iter::Iterator>::next

Check 39: <std::slice::Iter<'_, u8> as std::iter::Iterator>::next.pointer_dereference.9
	 - Status: SUCCESS
	 - Description: "dereference failure: deallocated dynamic object"
	 - Location: ../../../../../../../../home/runner/.rustup/toolchains/nightly-2026-08-21-x86_64-unknown-linux-gnu/lib/rustlib/src/rust/library/core/src/slice/iter/macros.rs:162:34 in function <std::slice::Iter<'_, u8> as std::iter::Iterator>::next

Check 40: <std::slice::Iter<'_, u8> as std::iter::Iterator>::next.pointer_dereference.10
	 - Status: SUCCESS
	 - Description: "dereference failure: dead object"
	 - Location: ../../../../../../../../home/runner/.rustup/toolchains/nightly-2026-08-21-x86_64-unknown-linux-gnu/lib/rustlib/src/rust/library/core/src/slice/iter/macros.rs:162:34 in function <std::slice::Iter<'_, u8> as std::iter::Iterator>::next

Check 41: <std::slice::Iter<'_, u8> as std::iter::Iterator>::next.pointer_dereference.11
	 - Status: SUCCESS
	 - Description: "dereference failure: pointer outside object bounds"
	 - Location: ../../../../../../../../home/runner/.rustup/toolchains/nightly-2026-08-21-x86_64-unknown-linux-gnu/lib/rustlib/src/rust/library/core/src/slice/iter/macros.rs:162:34 in function <std::slice::Iter<'_, u8> as std::iter::Iterator>::next

Check 42: <std::slice::Iter<'_, u8> as std::iter::Iterator>::next.pointer_dereference.12
	 - Status: SUCCESS
	 - Description: "dereference failure: invalid integer address"
	 - Location: ../../../../../../../../home/runner/.rustup/toolchains/nightly-2026-08-21-x86_64-unknown-linux-gnu/lib/rustlib/src/rust/library/core/src/slice/iter/macros.rs:162:34 in function <std::slice::Iter<'_, u8> as std::iter::Iterator>::next

Check 43: <std::slice::Iter<'_, u8> as std::iter::Iterator>::next.pointer_dereference.13
	 - Status: SUCCESS
	 - Description: "dereference failure: dead object"
	 - Location: ../../../../../../../../home/runner/.rustup/toolchains/nightly-2026-08-21-x86_64-unknown-linux-gnu/lib/rustlib/src/rust/library/core/src/slice/iter/macros.rs:169:36 in function <std::slice::Iter<'_, u8> as std::iter::Iterator>::next

Check 44: <std::slice::Iter<'_, u8> as std::iter::Iterator>::next.pointer_dereference.14
	 - Status: SUCCESS
	 - Description: "dereference failure: pointer NULL"
	 - Location: ../../../../../../../../home/runner/.rustup/toolchains/nightly-2026-08-21-x86_64-unknown-linux-gnu/lib/rustlib/src/rust/library/core/src/slice/iter/macros.rs:175:25 in function <std::slice::Iter<'_, u8> as std::iter::Iterator>::next

Check 45: <std::slice::Iter<'_, u8> as std::iter::Iterator>::next.pointer_dereference.15
	 - Status: SUCCESS
	 - Description: "dereference failure: pointer invalid"
	 - Location: ../../../../../../../../home/runner/.rustup/toolchains/nightly-2026-08-21-x86_64-unknown-linux-gnu/lib/rustlib/src/rust/library/core/src/slice/iter/macros.rs:175:25 in function <std::slice::Iter<'_, u8> as std::iter::Iterator>::next

Check 46: <std::slice::Iter<'_, u8> as std::iter::Iterator>::next.pointer_dereference.16
	 - Status: SUCCESS
	 - Description: "dereference failure: deallocated dynamic object"
	 - Location: ../../../../../../../../home/runner/.rustup/toolchains/nightly-2026-08-21-x86_64-unknown-linux-gnu/lib/rustlib/src/rust/library/core/src/slice/iter/macros.rs:175:25 in function <std::slice::Iter<'_, u8> as std::iter::Iterator>::next

Check 47: <std::slice::Iter<'_, u8> as std::iter::Iterator>::next.pointer_dereference.17
	 - Status: SUCCESS
	 - Description: "dereference failure: dead object"
	 - Location: ../../../../../../../../home/runner/.rustup/toolchains/nightly-2026-08-21-x86_64-unknown-linux-gnu/lib/rustlib/src/rust/library/core/src/slice/iter/macros.rs:175:25 in function <std::slice::Iter<'_, u8> as std::iter::Iterator>::next

Check 48: <std::slice::Iter<'_, u8> as std::iter::Iterator>::next.pointer_dereference.18
	 - Status: SUCCESS
	 - Description: "dereference failure: pointer outside object bounds"
	 - Location: ../../../../../../../../home/runner/.rustup/toolchains/nightly-2026-08-21-x86_64-unknown-linux-gnu/lib/rustlib/src/rust/library/core/src/slice/iter/macros.rs:175:25 in function <std::slice::Iter<'_, u8> as std::iter::Iterator>::next

Check 49: <std::slice::Iter<'_, u8> as std::iter::Iterator>::next.pointer_dereference.19
	 - Status: SUCCESS
	 - Description: "dereference failure: invalid integer address"
	 - Location: ../../../../../../../../home/runner/.rustup/toolchains/nightly-2026-08-21-x86_64-unknown-linux-gnu/lib/rustlib/src/rust/library/core/src/slice/iter/macros.rs:175:25 in function <std::slice::Iter<'_, u8> as std::iter::Iterator>::next

Check 50: <std::slice::Iter<'_, u8> as std::iter::Iterator>::next.pointer_dereference.20
	 - Status: SUCCESS
	 - Description: "dereference failure: dead object"
	 - Location: ../../../../../../../../home/runner/.rustup/toolchains/nightly-2026-08-21-x86_64-unknown-linux-gnu/lib/rustlib/src/rust/library/core/src/slice/iter/macros.rs:181:36 in function <std::slice::Iter<'_, u8> as std::iter::Iterator>::next

Check 51: <std::slice::Iter<'_, u8> as std::iter::Iterator>::next.pointer_dereference.21
	 - Status: SUCCESS
	 - Description: "dereference failure: pointer NULL"
	 - Location: ../../../../../../../../home/runner/.rustup/toolchains/nightly-2026-08-21-x86_64-unknown-linux-gnu/lib/rustlib/src/rust/library/core/src/slice/iter/macros.rs:185:25 in function <std::slice::Iter<'_, u8> as std::iter::Iterator>::next

Check 52: <std::slice::Iter<'_, u8> as std::iter::Iterator>::next.pointer_dereference.22
	 - Status: SUCCESS
	 - Description: "dereference failure: pointer invalid"
	 - Location: ../../../../../../../../home/runner/.rustup/toolchains/nightly-2026-08-21-x86_64-unknown-linux-gnu/lib/rustlib/src/rust/library/core/src/slice/iter/macros.rs:185:25 in function <std::slice::Iter<'_, u8> as std::iter::Iterator>::next

Check 53: <std::slice::Iter<'_, u8> as std::iter::Iterator>::next.pointer_dereference.23
	 - Status: SUCCESS
	 - Description: "dereference failure: deallocated dynamic object"
	 - Location: ../../../../../../../../home/runner/.rustup/toolchains/nightly-2026-08-21-x86_64-unknown-linux-gnu/lib/rustlib/src/rust/library/core/src/slice/iter/macros.rs:185:25 in function <std::slice::Iter<'_, u8> as std::iter::Iterator>::next

Check 54: <std::slice::Iter<'_, u8> as std::iter::Iterator>::next.pointer_dereference.24
	 - Status: SUCCESS
	 - Description: "dereference failure: dead object"
	 - Location: ../../../../../../../../home/runner/.rustup/toolchains/nightly-2026-08-21-x86_64-unknown-linux-gnu/lib/rustlib/src/rust/library/core/src/slice/iter/macros.rs:185:25 in function <std::slice::Iter<'_, u8> as std::iter::Iterator>::next

Check 55: <std::slice::Iter<'_, u8> as std::iter::Iterator>::next.pointer_dereference.25
	 - Status: SUCCESS
	 - Description: "dereference failure: pointer outside object bounds"
	 - Location: ../../../../../../../../home/runner/.rustup/toolchains/nightly-2026-08-21-x86_64-unknown-linux-gnu/lib/rustlib/src/rust/library/core/src/slice/iter/macros.rs:185:25 in function <std::slice::Iter<'_, u8> as std::iter::Iterator>::next

Check 56: <std::slice::Iter<'_, u8> as std::iter::Iterator>::next.pointer_dereference.26
	 - Status: SUCCESS
	 - Description: "dereference failure: invalid integer address"
	 - Location: ../../../../../../../../home/runner/.rustup/toolchains/nightly-2026-08-21-x86_64-unknown-linux-gnu/lib/rustlib/src/rust/library/core/src/slice/iter/macros.rs:185:25 in function <std::slice::Iter<'_, u8> as std::iter::Iterator>::next

Check 57: <std::ptr::NonNull<u8> as std::cmp::PartialEq>::eq.pointer_dereference.1
	 - Status: SUCCESS
	 - Description: "dereference failure: pointer NULL"
	 - Location: ../../../../../../../../home/runner/.rustup/toolchains/nightly-2026-08-21-x86_64-unknown-linux-gnu/lib/rustlib/src/rust/library/core/src/ptr/non_null.rs:1663:9 in function <std::ptr::NonNull<u8> as std::cmp::PartialEq>::eq

Check 58: <std::ptr::NonNull<u8> as std::cmp::PartialEq>::eq.pointer_dereference.2
	 - Status: SUCCESS
	 - Description: "dereference failure: pointer invalid"
	 - Location: ../../../../../../../../home/runner/.rustup/toolchains/nightly-2026-08-21-x86_64-unknown-linux-gnu/lib/rustlib/src/rust/library/core/src/ptr/non_null.rs:1663:9 in function <std::ptr::NonNull<u8> as std::cmp::PartialEq>::eq

Check 59: <std::ptr::NonNull<u8> as std::cmp::PartialEq>::eq.pointer_dereference.3
	 - Status: SUCCESS
	 - Description: "dereference failure: deallocated dynamic object"
	 - Location: ../../../../../../../../home/runner/.rustup/toolchains/nightly-2026-08-21-x86_64-unknown-linux-gnu/lib/rustlib/src/rust/library/core/src/ptr/non_null.rs:1663:9 in function <std::ptr::NonNull<u8> as std::cmp::PartialEq>::eq

Check 60: <std::ptr::NonNull<u8> as std::cmp::PartialEq>::eq.pointer_dereference.4
	 - Status: SUCCESS
	 - Description: "dereference failure: dead object"
	 - Location: ../../../../../../../../home/runner/.rustup/toolchains/nightly-2026-08-21-x86_64-unknown-linux-gnu/lib/rustlib/src/rust/library/core/src/ptr/non_null.rs:1663:9 in function <std::ptr::NonNull<u8> as std::cmp::PartialEq>::eq

Check 61: <std::ptr::NonNull<u8> as std::cmp::PartialEq>::eq.pointer_dereference.5
	 - Status: SUCCESS
	 - Description: "dereference failure: pointer outside object bounds"
	 - Location: ../../../../../../../../home/runner/.rustup/toolchains/nightly-2026-08-21-x86_64-unknown-linux-gnu/lib/rustlib/src/rust/library/core/src/ptr/non_null.rs:1663:9 in function <std::ptr::NonNull<u8> as std::cmp::PartialEq>::eq

Check 62: <std::ptr::NonNull<u8> as std::cmp::PartialEq>::eq.pointer_dereference.6
	 - Status: SUCCESS
	 - Description: "dereference failure: invalid integer address"
	 - Location: ../../../../../../../../home/runner/.rustup/toolchains/nightly-2026-08-21-x86_64-unknown-linux-gnu/lib/rustlib/src/rust/library/core/src/ptr/non_null.rs:1663:9 in function <std::ptr::NonNull<u8> as std::cmp::PartialEq>::eq

Check 63: <std::ptr::NonNull<u8> as std::cmp::PartialEq>::eq.pointer_dereference.7
	 - Status: SUCCESS
	 - Description: "dereference failure: pointer NULL"
	 - Location: ../../../../../../../../home/runner/.rustup/toolchains/nightly-2026-08-21-x86_64-unknown-linux-gnu/lib/rustlib/src/rust/library/core/src/ptr/non_null.rs:1663:26 in function <std::ptr::NonNull<u8> as std::cmp::PartialEq>::eq

Check 64: <std::ptr::NonNull<u8> as std::cmp::PartialEq>::eq.pointer_dereference.8
	 - Status: SUCCESS
	 - Description: "dereference failure: pointer invalid"
	 - Location: ../../../../../../../../home/runner/.rustup/toolchains/nightly-2026-08-21-x86_64-unknown-linux-gnu/lib/rustlib/src/rust/library/core/src/ptr/non_null.rs:1663:26 in function <std::ptr::NonNull<u8> as std::cmp::PartialEq>::eq

Check 65: <std::ptr::NonNull<u8> as std::cmp::PartialEq>::eq.pointer_dereference.9
	 - Status: SUCCESS
	 - Description: "dereference failure: deallocated dynamic object"
	 - Location: ../../../../../../../../home/runner/.rustup/toolchains/nightly-2026-08-21-x86_64-unknown-linux-gnu/lib/rustlib/src/rust/library/core/src/ptr/non_null.rs:1663:26 in function <std::ptr::NonNull<u8> as std::cmp::PartialEq>::eq

Check 66: <std::ptr::NonNull<u8> as std::cmp::PartialEq>::eq.pointer_dereference.10
	 - Status: SUCCESS
	 - Description: "dereference failure: dead object"
	 - Location: ../../../../../../../../home/runner/.rustup/toolchains/nightly-2026-08-21-x86_64-unknown-linux-gnu/lib/rustlib/src/rust/library/core/src/ptr/non_null.rs:1663:26 in function <std::ptr::NonNull<u8> as std::cmp::PartialEq>::eq

Check 67: <std::ptr::NonNull<u8> as std::cmp::PartialEq>::eq.pointer_dereference.11
	 - Status: SUCCESS
	 - Description: "dereference failure: pointer outside object bounds"
	 - Location: ../../../../../../../../home/runner/.rustup/toolchains/nightly-2026-08-21-x86_64-unknown-linux-gnu/lib/rustlib/src/rust/library/core/src/ptr/non_null.rs:1663:26 in function <std::ptr::NonNull<u8> as std::cmp::PartialEq>::eq

Check 68: <std::ptr::NonNull<u8> as std::cmp::PartialEq>::eq.pointer_dereference.12
	 - Status: SUCCESS
	 - Description: "dereference failure: invalid integer address"
	 - Location: ../../../../../../../../home/runner/.rustup/toolchains/nightly-2026-08-21-x86_64-unknown-linux-gnu/lib/rustlib/src/rust/library/core/src/ptr/non_null.rs:1663:26 in function <std::ptr::NonNull<u8> as std::cmp::PartialEq>::eq

Check 69: memcmp.pointer_dereference.1
	 - Status: SUCCESS
	 - Description: "dereference failure: pointer NULL"
	 - Location: <builtin-library-memcmp>:27 in function memcmp

Check 70: memcmp.pointer_dereference.2
	 - Status: SUCCESS
	 - Description: "dereference failure: pointer invalid"
	 - Location: <builtin-library-memcmp>:27 in function memcmp

Check 71: memcmp.pointer_dereference.3
	 - Status: SUCCESS
	 - Description: "dereference failure: deallocated dynamic object"
	 - Location: <builtin-library-memcmp>:27 in function memcmp

Check 72: memcmp.pointer_dereference.4
	 - Status: SUCCESS
	 - Description: "dereference failure: dead object"
	 - Location: <builtin-library-memcmp>:27 in function memcmp

Check 73: memcmp.pointer_dereference.5
	 - Status: SUCCESS
	 - Description: "dereference failure: pointer outside object bounds"
	 - Location: <builtin-library-memcmp>:27 in function memcmp

Check 74: memcmp.pointer_dereference.6
	 - Status: SUCCESS
	 - Description: "dereference failure: invalid integer address"
	 - Location: <builtin-library-memcmp>:27 in function memcmp

Check 75: memcmp.pointer_dereference.7
	 - Status: SUCCESS
	 - Description: "dereference failure: pointer NULL"
	 - Location: <builtin-library-memcmp>:27 in function memcmp

Check 76: memcmp.pointer_dereference.8
	 - Status: SUCCESS
	 - Description: "dereference failure: pointer invalid"
	 - Location: <builtin-library-memcmp>:27 in function memcmp

Check 77: memcmp.pointer_dereference.9
	 - Status: SUCCESS
	 - Description: "dereference failure: deallocated dynamic object"
	 - Location: <builtin-library-memcmp>:27 in function memcmp

Check 78: memcmp.pointer_dereference.10
	 - Status: SUCCESS
	 - Description: "dereference failure: dead object"
	 - Location: <builtin-library-memcmp>:27 in function memcmp

Check 79: memcmp.pointer_dereference.11
	 - Status: SUCCESS
	 - Description: "dereference failure: pointer outside object bounds"
	 - Location: <builtin-library-memcmp>:27 in function memcmp

Check 80: memcmp.pointer_dereference.12
	 - Status: SUCCESS
	 - Description: "dereference failure: invalid integer address"
	 - Location: <builtin-library-memcmp>:27 in function memcmp


SUMMARY:
 ** 0 of 80 failed (1 unreachable)

VERIFICATION:- SUCCESSFUL
Verification Time: 1.6979655s

Manual Harness Summary:
Complete - 6 successfully verified harnesses, 0 failures, 6 total.
CARGO_KANI_EXIT=0
