Kani Rust Verifier 0.68.0 (cargo plugin)
CBMC 6.11.0
   Compiling acyclic-actors v0.2.0 (/mnt/c/Users/varun/.codex/worktrees/rust-source-foundation/sdk/rust/crates/actors)
warning: use of an unstable feature
 --> <crate attribute>:1:12
  |
1 | ...re(register_tool)]
  |       ^^^^^^^^^^^^^
  |
  = note: requested on the command line with `--force-warn unstable-features`

warning: Found the following unsupported constructs:
             - caller_location (1)
             - foreign function (1)
         
         Verification will fail if one or more of these constructs is reachable.
         See https://model-checking.github.io/kani/rust-feature-support.html for more details.

note: did not finalize incremental compilation session directory `/mnt/q/sdk/work/foundation-kani-068/target/kani/x86_64-unknown-linux-gnu/debug/incremental/acyclic_actors-09oruv6ovyy6q/s-hmz4142e9k-0stfxjr-working`: Permission denied (os error 13)
  |
  = help: the next build will not be able to reuse work from this compilation

    Finished `dev` profile [unoptimized + debuginfo] target(s) in 30.57s
Checking harness domain::kani_proofs::subscription_start_preserves_cursor_and_current_head_presence...
CBMC 6.11.0 (cbmc-6.11.0)
CBMC version 6.11.0 (cbmc-6.11.0) 64-bit x86_64 linux
Reading GOTO program from file /mnt/q/sdk/work/foundation-kani-068/target/kani/x86_64-unknown-linux-gnu/debug/build/acyclic-actors/c0ccdc6349d17087/out/acyclic_actors-c0ccdc6349d17087__RNvNtNtCs1wciM17XTy0_14acyclic_actors6domain11kani_proofs61subscription_start_preserves_cursor_and_current_head_presence.out
Generating GOTO Program
Adding CPROVER library (x86_64)
Removal of function pointers and virtual functions
Generic Property Instrumentation
Running with 16 object bits, 48 offset bits (user-specified)
Starting Bounded Model Checking
aborting path on assume(false) at file /home/runner/.rustup/toolchains/nightly-2026-08-21-x86_64-unknown-linux-gnu/lib/rustlib/src/rust/library/core/src/option.rs line 2439 column 15 function <std::option::Option<bool> as std::cmp::PartialEq>::eq thread 0
Runtime Symex: 0.164991s
size of program expression: 4731 steps
slicing removed 2943 assignments
Generated 255 VCC(s), 9 remaining after simplification
Runtime Postprocess Equation: 0.00200185s
Passing problem to propositional reduction
converting SSA
Runtime Convert SSA: 0.0171123s
Running propositional reduction
Post-processing
Runtime Post-process: 2.3231e-05s
Solving with CaDiCaL 3.0.0
4004 variables, 4569 clauses
SAT checker: instance is SATISFIABLE
Runtime Solver: 0.00169615s
Runtime decision procedure: 0.0193885s
Running propositional reduction
Solving with CaDiCaL 3.0.0
4005 variables, 4570 clauses
SAT checker: instance is UNSATISFIABLE
Runtime Solver: 8.6954e-05s
Runtime decision procedure: 0.00132829s

RESULTS:
Check 1: std::result::unwrap_failed.assertion.1
	 - Status: SUCCESS
	 - Description: "This is a placeholder message; Kani doesn't support message formatted at runtime"
	 - Location: ../../../../../../../../home/runner/.rustup/toolchains/nightly-2026-08-21-x86_64-unknown-linux-gnu/lib/rustlib/src/rust/library/core/src/result.rs:1871:5 in function std::result::unwrap_failed

Check 2: <std::result::Result<domain::SubscriptionStart, domain::DomainError> as std::cmp::PartialEq>::eq.unreachable.1
	 - Status: SUCCESS
	 - Description: "unreachable code"
	 - Location: rust/crates/actors/src/lib.rs:0:0 in function <std::result::Result<domain::SubscriptionStart, domain::DomainError> as std::cmp::PartialEq>::eq

Check 3: <domain::SubscriptionStart as std::cmp::PartialEq>::eq.unreachable.1
	 - Status: SUCCESS
	 - Description: "unreachable code"
	 - Location: rust/crates/actors/src/lib.rs:0:0 in function <domain::SubscriptionStart as std::cmp::PartialEq>::eq

Check 4: domain::kani_proofs::subscription_start_preserves_cursor_and_current_head_presence.assertion.1
	 - Status: SUCCESS
	 - Description: "assertion failed: parsed_cursor.cursor_value() == Some(cursor)"
	 - Location: rust/crates/actors/src/domain/kani_proofs.rs:88:5 in function domain::kani_proofs::subscription_start_preserves_cursor_and_current_head_presence

Check 5: domain::kani_proofs::subscription_start_preserves_cursor_and_current_head_presence.assertion.2
	 - Status: SUCCESS
	 - Description: "assertion failed: parsed_cursor.current_head_value() == None"
	 - Location: rust/crates/actors/src/domain/kani_proofs.rs:89:5 in function domain::kani_proofs::subscription_start_preserves_cursor_and_current_head_presence

Check 6: domain::kani_proofs::subscription_start_preserves_cursor_and_current_head_presence.assertion.3
	 - Status: SUCCESS
	 - Description: "assertion failed: parsed_current_head.cursor_value() == None"
	 - Location: rust/crates/actors/src/domain/kani_proofs.rs:96:5 in function domain::kani_proofs::subscription_start_preserves_cursor_and_current_head_presence

Check 7: domain::kani_proofs::subscription_start_preserves_cursor_and_current_head_presence.assertion.4
	 - Status: SUCCESS
	 - Description: "assertion failed: parsed_current_head.current_head_value() == Some(true)"
	 - Location: rust/crates/actors/src/domain/kani_proofs.rs:97:5 in function domain::kani_proofs::subscription_start_preserves_cursor_and_current_head_presence

Check 8: domain::kani_proofs::subscription_start_preserves_cursor_and_current_head_presence.assertion.5
	 - Status: SUCCESS
	 - Description: "assertion failed: SubscriptionStart::try_from(false_current_head) ==
Err(DomainError::InvalidSubscription)"
	 - Location: rust/crates/actors/src/domain/kani_proofs.rs:102:5 in function domain::kani_proofs::subscription_start_preserves_cursor_and_current_head_presence

Check 9: domain::kani_proofs::subscription_start_preserves_cursor_and_current_head_presence.assertion.6
	 - Status: SUCCESS
	 - Description: "assertion failed: SubscriptionStart::try_from(missing_start) ==
Err(DomainError::InvalidSubscription)"
	 - Location: rust/crates/actors/src/domain/kani_proofs.rs:108:5 in function domain::kani_proofs::subscription_start_preserves_cursor_and_current_head_presence

Check 10: <std::option::Option<bool> as std::cmp::PartialEq>::eq.unreachable.1
	 - Status: SUCCESS
	 - Description: "unreachable code"
	 - Location: ../../../../../../../../home/runner/.rustup/toolchains/nightly-2026-08-21-x86_64-unknown-linux-gnu/lib/rustlib/src/rust/library/core/src/option.rs:2439:15 in function <std::option::Option<bool> as std::cmp::PartialEq>::eq

Check 11: domain::SubscriptionStart::current_head_value.unreachable.1
	 - Status: SUCCESS
	 - Description: "unreachable code"
	 - Location: rust/crates/actors/src/domain.rs:326:15 in function domain::SubscriptionStart::current_head_value

Check 12: <std::option::Option<u64> as std::cmp::PartialEq>::eq.unreachable.1
	 - Status: SUCCESS
	 - Description: "unreachable code"
	 - Location: ../../../../../../../../home/runner/.rustup/toolchains/nightly-2026-08-21-x86_64-unknown-linux-gnu/lib/rustlib/src/rust/library/core/src/option.rs:2439:15 in function <std::option::Option<u64> as std::cmp::PartialEq>::eq

Check 13: std::result::Result::<domain::SubscriptionStart, domain::DomainError>::expect.unreachable.1
	 - Status: SUCCESS
	 - Description: "unreachable code"
	 - Location: ../../../../../../../../home/runner/.rustup/toolchains/nightly-2026-08-21-x86_64-unknown-linux-gnu/lib/rustlib/src/rust/library/core/src/result.rs:1182:15 in function std::result::Result::<domain::SubscriptionStart, domain::DomainError>::expect

Check 14: domain::SubscriptionStart::cursor_value.unreachable.1
	 - Status: SUCCESS
	 - Description: "unreachable code"
	 - Location: rust/crates/actors/src/domain.rs:317:15 in function domain::SubscriptionStart::cursor_value

Check 15: <domain::SubscriptionStart as std::convert::TryFrom<contract::generated::SubscriptionStart>>::try_from.unreachable.1
	 - Status: SUCCESS
	 - Description: "unreachable code"
	 - Location: rust/crates/actors/src/domain.rs:337:15 in function <domain::SubscriptionStart as std::convert::TryFrom<contract::generated::SubscriptionStart>>::try_from

Check 16: std::result::Result::<domain::SubscriptionStart, domain::DomainError>::expect.pointer_dereference.1
	 - Status: SUCCESS
	 - Description: "dereference failure: dead object"
	 - Location: ../../../../../../../../home/runner/.rustup/toolchains/nightly-2026-08-21-x86_64-unknown-linux-gnu/lib/rustlib/src/rust/library/core/src/result.rs:1182:15 in function std::result::Result::<domain::SubscriptionStart, domain::DomainError>::expect

Check 17: domain::SubscriptionStart::cursor_value.pointer_dereference.1
	 - Status: SUCCESS
	 - Description: "dereference failure: pointer NULL"
	 - Location: rust/crates/actors/src/domain.rs:317:15 in function domain::SubscriptionStart::cursor_value

Check 18: domain::SubscriptionStart::cursor_value.pointer_dereference.2
	 - Status: SUCCESS
	 - Description: "dereference failure: pointer invalid"
	 - Location: rust/crates/actors/src/domain.rs:317:15 in function domain::SubscriptionStart::cursor_value

Check 19: domain::SubscriptionStart::cursor_value.pointer_dereference.3
	 - Status: SUCCESS
	 - Description: "dereference failure: deallocated dynamic object"
	 - Location: rust/crates/actors/src/domain.rs:317:15 in function domain::SubscriptionStart::cursor_value

Check 20: domain::SubscriptionStart::cursor_value.pointer_dereference.4
	 - Status: SUCCESS
	 - Description: "dereference failure: dead object"
	 - Location: rust/crates/actors/src/domain.rs:317:15 in function domain::SubscriptionStart::cursor_value

Check 21: domain::SubscriptionStart::cursor_value.pointer_dereference.5
	 - Status: SUCCESS
	 - Description: "dereference failure: pointer outside object bounds"
	 - Location: rust/crates/actors/src/domain.rs:317:15 in function domain::SubscriptionStart::cursor_value

Check 22: domain::SubscriptionStart::cursor_value.pointer_dereference.6
	 - Status: SUCCESS
	 - Description: "dereference failure: invalid integer address"
	 - Location: rust/crates/actors/src/domain.rs:317:15 in function domain::SubscriptionStart::cursor_value

Check 23: domain::SubscriptionStart::cursor_value.pointer_dereference.7
	 - Status: SUCCESS
	 - Description: "dereference failure: pointer NULL"
	 - Location: rust/crates/actors/src/domain.rs:318:45 in function domain::SubscriptionStart::cursor_value

Check 24: domain::SubscriptionStart::cursor_value.pointer_dereference.8
	 - Status: SUCCESS
	 - Description: "dereference failure: pointer invalid"
	 - Location: rust/crates/actors/src/domain.rs:318:45 in function domain::SubscriptionStart::cursor_value

Check 25: domain::SubscriptionStart::cursor_value.pointer_dereference.9
	 - Status: SUCCESS
	 - Description: "dereference failure: deallocated dynamic object"
	 - Location: rust/crates/actors/src/domain.rs:318:45 in function domain::SubscriptionStart::cursor_value

Check 26: domain::SubscriptionStart::cursor_value.pointer_dereference.10
	 - Status: SUCCESS
	 - Description: "dereference failure: dead object"
	 - Location: rust/crates/actors/src/domain.rs:318:45 in function domain::SubscriptionStart::cursor_value

Check 27: domain::SubscriptionStart::cursor_value.pointer_dereference.11
	 - Status: SUCCESS
	 - Description: "dereference failure: pointer outside object bounds"
	 - Location: rust/crates/actors/src/domain.rs:318:45 in function domain::SubscriptionStart::cursor_value

Check 28: domain::SubscriptionStart::cursor_value.pointer_dereference.12
	 - Status: SUCCESS
	 - Description: "dereference failure: invalid integer address"
	 - Location: rust/crates/actors/src/domain.rs:318:45 in function domain::SubscriptionStart::cursor_value

Check 29: domain::SubscriptionStart::current_head_value.pointer_dereference.1
	 - Status: SUCCESS
	 - Description: "dereference failure: pointer NULL"
	 - Location: rust/crates/actors/src/domain.rs:326:15 in function domain::SubscriptionStart::current_head_value

Check 30: domain::SubscriptionStart::current_head_value.pointer_dereference.2
	 - Status: SUCCESS
	 - Description: "dereference failure: pointer invalid"
	 - Location: rust/crates/actors/src/domain.rs:326:15 in function domain::SubscriptionStart::current_head_value

Check 31: domain::SubscriptionStart::current_head_value.pointer_dereference.3
	 - Status: SUCCESS
	 - Description: "dereference failure: deallocated dynamic object"
	 - Location: rust/crates/actors/src/domain.rs:326:15 in function domain::SubscriptionStart::current_head_value

Check 32: domain::SubscriptionStart::current_head_value.pointer_dereference.4
	 - Status: SUCCESS
	 - Description: "dereference failure: dead object"
	 - Location: rust/crates/actors/src/domain.rs:326:15 in function domain::SubscriptionStart::current_head_value

Check 33: domain::SubscriptionStart::current_head_value.pointer_dereference.5
	 - Status: SUCCESS
	 - Description: "dereference failure: pointer outside object bounds"
	 - Location: rust/crates/actors/src/domain.rs:326:15 in function domain::SubscriptionStart::current_head_value

Check 34: domain::SubscriptionStart::current_head_value.pointer_dereference.6
	 - Status: SUCCESS
	 - Description: "dereference failure: invalid integer address"
	 - Location: rust/crates/actors/src/domain.rs:326:15 in function domain::SubscriptionStart::current_head_value

Check 35: domain::SubscriptionStart::current_head_value.pointer_dereference.7
	 - Status: SUCCESS
	 - Description: "dereference failure: pointer NULL"
	 - Location: rust/crates/actors/src/domain.rs:328:56 in function domain::SubscriptionStart::current_head_value

Check 36: domain::SubscriptionStart::current_head_value.pointer_dereference.8
	 - Status: SUCCESS
	 - Description: "dereference failure: pointer invalid"
	 - Location: rust/crates/actors/src/domain.rs:328:56 in function domain::SubscriptionStart::current_head_value

Check 37: domain::SubscriptionStart::current_head_value.pointer_dereference.9
	 - Status: SUCCESS
	 - Description: "dereference failure: deallocated dynamic object"
	 - Location: rust/crates/actors/src/domain.rs:328:56 in function domain::SubscriptionStart::current_head_value

Check 38: domain::SubscriptionStart::current_head_value.pointer_dereference.10
	 - Status: SUCCESS
	 - Description: "dereference failure: dead object"
	 - Location: rust/crates/actors/src/domain.rs:328:56 in function domain::SubscriptionStart::current_head_value

Check 39: domain::SubscriptionStart::current_head_value.pointer_dereference.11
	 - Status: SUCCESS
	 - Description: "dereference failure: pointer outside object bounds"
	 - Location: rust/crates/actors/src/domain.rs:328:56 in function domain::SubscriptionStart::current_head_value

Check 40: domain::SubscriptionStart::current_head_value.pointer_dereference.12
	 - Status: SUCCESS
	 - Description: "dereference failure: invalid integer address"
	 - Location: rust/crates/actors/src/domain.rs:328:56 in function domain::SubscriptionStart::current_head_value

Check 41: domain::SubscriptionStart::current_head_value.pointer_dereference.13
	 - Status: SUCCESS
	 - Description: "dereference failure: dead object"
	 - Location: rust/crates/actors/src/domain.rs:327:36 in function domain::SubscriptionStart::current_head_value

Check 42: domain::kani_proofs::subscription_start_preserves_cursor_and_current_head_presence.pointer_dereference.1
	 - Status: SUCCESS
	 - Description: "dereference failure: dead object"
	 - Location: rust/crates/actors/src/domain/kani_proofs.rs:107:58 in function domain::kani_proofs::subscription_start_preserves_cursor_and_current_head_presence

Check 43: <domain::SubscriptionStart as std::cmp::PartialEq>::eq.pointer_dereference.1
	 - Status: SUCCESS
	 - Description: "dereference failure: pointer NULL"
	 - Location: rust/crates/actors/src/domain.rs:296:34 in function <domain::SubscriptionStart as std::cmp::PartialEq>::eq

Check 44: <domain::SubscriptionStart as std::cmp::PartialEq>::eq.pointer_dereference.2
	 - Status: SUCCESS
	 - Description: "dereference failure: pointer invalid"
	 - Location: rust/crates/actors/src/domain.rs:296:34 in function <domain::SubscriptionStart as std::cmp::PartialEq>::eq

Check 45: <domain::SubscriptionStart as std::cmp::PartialEq>::eq.pointer_dereference.3
	 - Status: SUCCESS
	 - Description: "dereference failure: deallocated dynamic object"
	 - Location: rust/crates/actors/src/domain.rs:296:34 in function <domain::SubscriptionStart as std::cmp::PartialEq>::eq

Check 46: <domain::SubscriptionStart as std::cmp::PartialEq>::eq.pointer_dereference.4
	 - Status: SUCCESS
	 - Description: "dereference failure: dead object"
	 - Location: rust/crates/actors/src/domain.rs:296:34 in function <domain::SubscriptionStart as std::cmp::PartialEq>::eq

Check 47: <domain::SubscriptionStart as std::cmp::PartialEq>::eq.pointer_dereference.5
	 - Status: SUCCESS
	 - Description: "dereference failure: pointer outside object bounds"
	 - Location: rust/crates/actors/src/domain.rs:296:34 in function <domain::SubscriptionStart as std::cmp::PartialEq>::eq

Check 48: <domain::SubscriptionStart as std::cmp::PartialEq>::eq.pointer_dereference.6
	 - Status: SUCCESS
	 - Description: "dereference failure: invalid integer address"
	 - Location: rust/crates/actors/src/domain.rs:296:34 in function <domain::SubscriptionStart as std::cmp::PartialEq>::eq

Check 49: <domain::SubscriptionStart as std::cmp::PartialEq>::eq.pointer_dereference.7
	 - Status: SUCCESS
	 - Description: "dereference failure: pointer NULL"
	 - Location: rust/crates/actors/src/domain.rs:296:34 in function <domain::SubscriptionStart as std::cmp::PartialEq>::eq

Check 50: <domain::SubscriptionStart as std::cmp::PartialEq>::eq.pointer_dereference.8
	 - Status: SUCCESS
	 - Description: "dereference failure: pointer invalid"
	 - Location: rust/crates/actors/src/domain.rs:296:34 in function <domain::SubscriptionStart as std::cmp::PartialEq>::eq

Check 51: <domain::SubscriptionStart as std::cmp::PartialEq>::eq.pointer_dereference.9
	 - Status: SUCCESS
	 - Description: "dereference failure: deallocated dynamic object"
	 - Location: rust/crates/actors/src/domain.rs:296:34 in function <domain::SubscriptionStart as std::cmp::PartialEq>::eq

Check 52: <domain::SubscriptionStart as std::cmp::PartialEq>::eq.pointer_dereference.10
	 - Status: SUCCESS
	 - Description: "dereference failure: dead object"
	 - Location: rust/crates/actors/src/domain.rs:296:34 in function <domain::SubscriptionStart as std::cmp::PartialEq>::eq

Check 53: <domain::SubscriptionStart as std::cmp::PartialEq>::eq.pointer_dereference.11
	 - Status: SUCCESS
	 - Description: "dereference failure: pointer outside object bounds"
	 - Location: rust/crates/actors/src/domain.rs:296:34 in function <domain::SubscriptionStart as std::cmp::PartialEq>::eq

Check 54: <domain::SubscriptionStart as std::cmp::PartialEq>::eq.pointer_dereference.12
	 - Status: SUCCESS
	 - Description: "dereference failure: invalid integer address"
	 - Location: rust/crates/actors/src/domain.rs:296:34 in function <domain::SubscriptionStart as std::cmp::PartialEq>::eq

Check 55: <domain::SubscriptionStart as std::cmp::PartialEq>::eq.pointer_dereference.13
	 - Status: SUCCESS
	 - Description: "dereference failure: pointer NULL"
	 - Location: rust/crates/actors/src/domain.rs:296:34 in function <domain::SubscriptionStart as std::cmp::PartialEq>::eq

Check 56: <domain::SubscriptionStart as std::cmp::PartialEq>::eq.pointer_dereference.14
	 - Status: SUCCESS
	 - Description: "dereference failure: pointer invalid"
	 - Location: rust/crates/actors/src/domain.rs:296:34 in function <domain::SubscriptionStart as std::cmp::PartialEq>::eq

Check 57: <domain::SubscriptionStart as std::cmp::PartialEq>::eq.pointer_dereference.15
	 - Status: SUCCESS
	 - Description: "dereference failure: deallocated dynamic object"
	 - Location: rust/crates/actors/src/domain.rs:296:34 in function <domain::SubscriptionStart as std::cmp::PartialEq>::eq

Check 58: <domain::SubscriptionStart as std::cmp::PartialEq>::eq.pointer_dereference.16
	 - Status: SUCCESS
	 - Description: "dereference failure: dead object"
	 - Location: rust/crates/actors/src/domain.rs:296:34 in function <domain::SubscriptionStart as std::cmp::PartialEq>::eq

Check 59: <domain::SubscriptionStart as std::cmp::PartialEq>::eq.pointer_dereference.17
	 - Status: SUCCESS
	 - Description: "dereference failure: pointer outside object bounds"
	 - Location: rust/crates/actors/src/domain.rs:296:34 in function <domain::SubscriptionStart as std::cmp::PartialEq>::eq

Check 60: <domain::SubscriptionStart as std::cmp::PartialEq>::eq.pointer_dereference.18
	 - Status: SUCCESS
	 - Description: "dereference failure: invalid integer address"
	 - Location: rust/crates/actors/src/domain.rs:296:34 in function <domain::SubscriptionStart as std::cmp::PartialEq>::eq

Check 61: <domain::SubscriptionStart as std::cmp::PartialEq>::eq.pointer_dereference.19
	 - Status: SUCCESS
	 - Description: "dereference failure: pointer NULL"
	 - Location: rust/crates/actors/src/domain.rs:296:34 in function <domain::SubscriptionStart as std::cmp::PartialEq>::eq

Check 62: <domain::SubscriptionStart as std::cmp::PartialEq>::eq.pointer_dereference.20
	 - Status: SUCCESS
	 - Description: "dereference failure: pointer invalid"
	 - Location: rust/crates/actors/src/domain.rs:296:34 in function <domain::SubscriptionStart as std::cmp::PartialEq>::eq

Check 63: <domain::SubscriptionStart as std::cmp::PartialEq>::eq.pointer_dereference.21
	 - Status: SUCCESS
	 - Description: "dereference failure: deallocated dynamic object"
	 - Location: rust/crates/actors/src/domain.rs:296:34 in function <domain::SubscriptionStart as std::cmp::PartialEq>::eq

Check 64: <domain::SubscriptionStart as std::cmp::PartialEq>::eq.pointer_dereference.22
	 - Status: SUCCESS
	 - Description: "dereference failure: dead object"
	 - Location: rust/crates/actors/src/domain.rs:296:34 in function <domain::SubscriptionStart as std::cmp::PartialEq>::eq

Check 65: <domain::SubscriptionStart as std::cmp::PartialEq>::eq.pointer_dereference.23
	 - Status: SUCCESS
	 - Description: "dereference failure: pointer outside object bounds"
	 - Location: rust/crates/actors/src/domain.rs:296:34 in function <domain::SubscriptionStart as std::cmp::PartialEq>::eq

Check 66: <domain::SubscriptionStart as std::cmp::PartialEq>::eq.pointer_dereference.24
	 - Status: SUCCESS
	 - Description: "dereference failure: invalid integer address"
	 - Location: rust/crates/actors/src/domain.rs:296:34 in function <domain::SubscriptionStart as std::cmp::PartialEq>::eq

Check 67: <domain::SubscriptionStart as std::cmp::PartialEq>::eq.pointer_dereference.25
	 - Status: SUCCESS
	 - Description: "dereference failure: pointer NULL"
	 - Location: rust/crates/actors/src/domain.rs:296:34 in function <domain::SubscriptionStart as std::cmp::PartialEq>::eq

Check 68: <domain::SubscriptionStart as std::cmp::PartialEq>::eq.pointer_dereference.26
	 - Status: SUCCESS
	 - Description: "dereference failure: pointer invalid"
	 - Location: rust/crates/actors/src/domain.rs:296:34 in function <domain::SubscriptionStart as std::cmp::PartialEq>::eq

Check 69: <domain::SubscriptionStart as std::cmp::PartialEq>::eq.pointer_dereference.27
	 - Status: SUCCESS
	 - Description: "dereference failure: deallocated dynamic object"
	 - Location: rust/crates/actors/src/domain.rs:296:34 in function <domain::SubscriptionStart as std::cmp::PartialEq>::eq

Check 70: <domain::SubscriptionStart as std::cmp::PartialEq>::eq.pointer_dereference.28
	 - Status: SUCCESS
	 - Description: "dereference failure: dead object"
	 - Location: rust/crates/actors/src/domain.rs:296:34 in function <domain::SubscriptionStart as std::cmp::PartialEq>::eq

Check 71: <domain::SubscriptionStart as std::cmp::PartialEq>::eq.pointer_dereference.29
	 - Status: SUCCESS
	 - Description: "dereference failure: pointer outside object bounds"
	 - Location: rust/crates/actors/src/domain.rs:296:34 in function <domain::SubscriptionStart as std::cmp::PartialEq>::eq

Check 72: <domain::SubscriptionStart as std::cmp::PartialEq>::eq.pointer_dereference.30
	 - Status: SUCCESS
	 - Description: "dereference failure: invalid integer address"
	 - Location: rust/crates/actors/src/domain.rs:296:34 in function <domain::SubscriptionStart as std::cmp::PartialEq>::eq

Check 73: <domain::DomainError as std::cmp::PartialEq>::eq.pointer_dereference.1
	 - Status: SUCCESS
	 - Description: "dereference failure: pointer NULL"
	 - Location: rust/crates/actors/src/domain.rs:30:34 in function <domain::DomainError as std::cmp::PartialEq>::eq

Check 74: <domain::DomainError as std::cmp::PartialEq>::eq.pointer_dereference.2
	 - Status: SUCCESS
	 - Description: "dereference failure: pointer invalid"
	 - Location: rust/crates/actors/src/domain.rs:30:34 in function <domain::DomainError as std::cmp::PartialEq>::eq

Check 75: <domain::DomainError as std::cmp::PartialEq>::eq.pointer_dereference.3
	 - Status: SUCCESS
	 - Description: "dereference failure: deallocated dynamic object"
	 - Location: rust/crates/actors/src/domain.rs:30:34 in function <domain::DomainError as std::cmp::PartialEq>::eq

Check 76: <domain::DomainError as std::cmp::PartialEq>::eq.pointer_dereference.4
	 - Status: SUCCESS
	 - Description: "dereference failure: dead object"
	 - Location: rust/crates/actors/src/domain.rs:30:34 in function <domain::DomainError as std::cmp::PartialEq>::eq

Check 77: <domain::DomainError as std::cmp::PartialEq>::eq.pointer_dereference.5
	 - Status: SUCCESS
	 - Description: "dereference failure: pointer outside object bounds"
	 - Location: rust/crates/actors/src/domain.rs:30:34 in function <domain::DomainError as std::cmp::PartialEq>::eq

Check 78: <domain::DomainError as std::cmp::PartialEq>::eq.pointer_dereference.6
	 - Status: SUCCESS
	 - Description: "dereference failure: invalid integer address"
	 - Location: rust/crates/actors/src/domain.rs:30:34 in function <domain::DomainError as std::cmp::PartialEq>::eq

Check 79: <domain::DomainError as std::cmp::PartialEq>::eq.pointer_dereference.7
	 - Status: SUCCESS
	 - Description: "dereference failure: pointer NULL"
	 - Location: rust/crates/actors/src/domain.rs:30:34 in function <domain::DomainError as std::cmp::PartialEq>::eq

Check 80: <domain::DomainError as std::cmp::PartialEq>::eq.pointer_dereference.8
	 - Status: SUCCESS
	 - Description: "dereference failure: pointer invalid"
	 - Location: rust/crates/actors/src/domain.rs:30:34 in function <domain::DomainError as std::cmp::PartialEq>::eq

Check 81: <domain::DomainError as std::cmp::PartialEq>::eq.pointer_dereference.9
	 - Status: SUCCESS
	 - Description: "dereference failure: deallocated dynamic object"
	 - Location: rust/crates/actors/src/domain.rs:30:34 in function <domain::DomainError as std::cmp::PartialEq>::eq

Check 82: <domain::DomainError as std::cmp::PartialEq>::eq.pointer_dereference.10
	 - Status: SUCCESS
	 - Description: "dereference failure: dead object"
	 - Location: rust/crates/actors/src/domain.rs:30:34 in function <domain::DomainError as std::cmp::PartialEq>::eq

Check 83: <domain::DomainError as std::cmp::PartialEq>::eq.pointer_dereference.11
	 - Status: SUCCESS
	 - Description: "dereference failure: pointer outside object bounds"
	 - Location: rust/crates/actors/src/domain.rs:30:34 in function <domain::DomainError as std::cmp::PartialEq>::eq

Check 84: <domain::DomainError as std::cmp::PartialEq>::eq.pointer_dereference.12
	 - Status: SUCCESS
	 - Description: "dereference failure: invalid integer address"
	 - Location: rust/crates/actors/src/domain.rs:30:34 in function <domain::DomainError as std::cmp::PartialEq>::eq

Check 85: <domain::DomainError as std::cmp::PartialEq>::eq.pointer_dereference.13
	 - Status: SUCCESS
	 - Description: "dereference failure: pointer NULL"
	 - Location: rust/crates/actors/src/domain.rs:30:34 in function <domain::DomainError as std::cmp::PartialEq>::eq

Check 86: <domain::DomainError as std::cmp::PartialEq>::eq.pointer_dereference.14
	 - Status: SUCCESS
	 - Description: "dereference failure: pointer invalid"
	 - Location: rust/crates/actors/src/domain.rs:30:34 in function <domain::DomainError as std::cmp::PartialEq>::eq

Check 87: <domain::DomainError as std::cmp::PartialEq>::eq.pointer_dereference.15
	 - Status: SUCCESS
	 - Description: "dereference failure: deallocated dynamic object"
	 - Location: rust/crates/actors/src/domain.rs:30:34 in function <domain::DomainError as std::cmp::PartialEq>::eq

Check 88: <domain::DomainError as std::cmp::PartialEq>::eq.pointer_dereference.16
	 - Status: SUCCESS
	 - Description: "dereference failure: dead object"
	 - Location: rust/crates/actors/src/domain.rs:30:34 in function <domain::DomainError as std::cmp::PartialEq>::eq

Check 89: <domain::DomainError as std::cmp::PartialEq>::eq.pointer_dereference.17
	 - Status: SUCCESS
	 - Description: "dereference failure: pointer outside object bounds"
	 - Location: rust/crates/actors/src/domain.rs:30:34 in function <domain::DomainError as std::cmp::PartialEq>::eq

Check 90: <domain::DomainError as std::cmp::PartialEq>::eq.pointer_dereference.18
	 - Status: SUCCESS
	 - Description: "dereference failure: invalid integer address"
	 - Location: rust/crates/actors/src/domain.rs:30:34 in function <domain::DomainError as std::cmp::PartialEq>::eq

Check 91: <domain::DomainError as std::cmp::PartialEq>::eq.pointer_dereference.19
	 - Status: SUCCESS
	 - Description: "dereference failure: pointer NULL"
	 - Location: rust/crates/actors/src/domain.rs:30:34 in function <domain::DomainError as std::cmp::PartialEq>::eq

Check 92: <domain::DomainError as std::cmp::PartialEq>::eq.pointer_dereference.20
	 - Status: SUCCESS
	 - Description: "dereference failure: pointer invalid"
	 - Location: rust/crates/actors/src/domain.rs:30:34 in function <domain::DomainError as std::cmp::PartialEq>::eq

Check 93: <domain::DomainError as std::cmp::PartialEq>::eq.pointer_dereference.21
	 - Status: SUCCESS
	 - Description: "dereference failure: deallocated dynamic object"
	 - Location: rust/crates/actors/src/domain.rs:30:34 in function <domain::DomainError as std::cmp::PartialEq>::eq

Check 94: <domain::DomainError as std::cmp::PartialEq>::eq.pointer_dereference.22
	 - Status: SUCCESS
	 - Description: "dereference failure: dead object"
	 - Location: rust/crates/actors/src/domain.rs:30:34 in function <domain::DomainError as std::cmp::PartialEq>::eq

Check 95: <domain::DomainError as std::cmp::PartialEq>::eq.pointer_dereference.23
	 - Status: SUCCESS
	 - Description: "dereference failure: pointer outside object bounds"
	 - Location: rust/crates/actors/src/domain.rs:30:34 in function <domain::DomainError as std::cmp::PartialEq>::eq

Check 96: <domain::DomainError as std::cmp::PartialEq>::eq.pointer_dereference.24
	 - Status: SUCCESS
	 - Description: "dereference failure: invalid integer address"
	 - Location: rust/crates/actors/src/domain.rs:30:34 in function <domain::DomainError as std::cmp::PartialEq>::eq

Check 97: <domain::DomainError as std::cmp::PartialEq>::eq.pointer_dereference.25
	 - Status: SUCCESS
	 - Description: "dereference failure: pointer NULL"
	 - Location: rust/crates/actors/src/domain.rs:30:34 in function <domain::DomainError as std::cmp::PartialEq>::eq

Check 98: <domain::DomainError as std::cmp::PartialEq>::eq.pointer_dereference.26
	 - Status: SUCCESS
	 - Description: "dereference failure: pointer invalid"
	 - Location: rust/crates/actors/src/domain.rs:30:34 in function <domain::DomainError as std::cmp::PartialEq>::eq

Check 99: <domain::DomainError as std::cmp::PartialEq>::eq.pointer_dereference.27
	 - Status: SUCCESS
	 - Description: "dereference failure: deallocated dynamic object"
	 - Location: rust/crates/actors/src/domain.rs:30:34 in function <domain::DomainError as std::cmp::PartialEq>::eq

Check 100: <domain::DomainError as std::cmp::PartialEq>::eq.pointer_dereference.28
	 - Status: SUCCESS
	 - Description: "dereference failure: dead object"
	 - Location: rust/crates/actors/src/domain.rs:30:34 in function <domain::DomainError as std::cmp::PartialEq>::eq

Check 101: <domain::DomainError as std::cmp::PartialEq>::eq.pointer_dereference.29
	 - Status: SUCCESS
	 - Description: "dereference failure: pointer outside object bounds"
	 - Location: rust/crates/actors/src/domain.rs:30:34 in function <domain::DomainError as std::cmp::PartialEq>::eq

Check 102: <domain::DomainError as std::cmp::PartialEq>::eq.pointer_dereference.30
	 - Status: SUCCESS
	 - Description: "dereference failure: invalid integer address"
	 - Location: rust/crates/actors/src/domain.rs:30:34 in function <domain::DomainError as std::cmp::PartialEq>::eq

Check 103: <domain::DomainError as std::cmp::PartialEq>::eq.pointer_dereference.31
	 - Status: SUCCESS
	 - Description: "dereference failure: pointer NULL"
	 - Location: rust/crates/actors/src/domain.rs:30:34 in function <domain::DomainError as std::cmp::PartialEq>::eq

Check 104: <domain::DomainError as std::cmp::PartialEq>::eq.pointer_dereference.32
	 - Status: SUCCESS
	 - Description: "dereference failure: pointer invalid"
	 - Location: rust/crates/actors/src/domain.rs:30:34 in function <domain::DomainError as std::cmp::PartialEq>::eq

Check 105: <domain::DomainError as std::cmp::PartialEq>::eq.pointer_dereference.33
	 - Status: SUCCESS
	 - Description: "dereference failure: deallocated dynamic object"
	 - Location: rust/crates/actors/src/domain.rs:30:34 in function <domain::DomainError as std::cmp::PartialEq>::eq

Check 106: <domain::DomainError as std::cmp::PartialEq>::eq.pointer_dereference.34
	 - Status: SUCCESS
	 - Description: "dereference failure: dead object"
	 - Location: rust/crates/actors/src/domain.rs:30:34 in function <domain::DomainError as std::cmp::PartialEq>::eq

Check 107: <domain::DomainError as std::cmp::PartialEq>::eq.pointer_dereference.35
	 - Status: SUCCESS
	 - Description: "dereference failure: pointer outside object bounds"
	 - Location: rust/crates/actors/src/domain.rs:30:34 in function <domain::DomainError as std::cmp::PartialEq>::eq

Check 108: <domain::DomainError as std::cmp::PartialEq>::eq.pointer_dereference.36
	 - Status: SUCCESS
	 - Description: "dereference failure: invalid integer address"
	 - Location: rust/crates/actors/src/domain.rs:30:34 in function <domain::DomainError as std::cmp::PartialEq>::eq

Check 109: <domain::DomainError as std::cmp::PartialEq>::eq.pointer_dereference.37
	 - Status: SUCCESS
	 - Description: "dereference failure: pointer NULL"
	 - Location: rust/crates/actors/src/domain.rs:30:34 in function <domain::DomainError as std::cmp::PartialEq>::eq

Check 110: <domain::DomainError as std::cmp::PartialEq>::eq.pointer_dereference.38
	 - Status: SUCCESS
	 - Description: "dereference failure: pointer invalid"
	 - Location: rust/crates/actors/src/domain.rs:30:34 in function <domain::DomainError as std::cmp::PartialEq>::eq

Check 111: <domain::DomainError as std::cmp::PartialEq>::eq.pointer_dereference.39
	 - Status: SUCCESS
	 - Description: "dereference failure: deallocated dynamic object"
	 - Location: rust/crates/actors/src/domain.rs:30:34 in function <domain::DomainError as std::cmp::PartialEq>::eq

Check 112: <domain::DomainError as std::cmp::PartialEq>::eq.pointer_dereference.40
	 - Status: SUCCESS
	 - Description: "dereference failure: dead object"
	 - Location: rust/crates/actors/src/domain.rs:30:34 in function <domain::DomainError as std::cmp::PartialEq>::eq

Check 113: <domain::DomainError as std::cmp::PartialEq>::eq.pointer_dereference.41
	 - Status: SUCCESS
	 - Description: "dereference failure: pointer outside object bounds"
	 - Location: rust/crates/actors/src/domain.rs:30:34 in function <domain::DomainError as std::cmp::PartialEq>::eq

Check 114: <domain::DomainError as std::cmp::PartialEq>::eq.pointer_dereference.42
	 - Status: SUCCESS
	 - Description: "dereference failure: invalid integer address"
	 - Location: rust/crates/actors/src/domain.rs:30:34 in function <domain::DomainError as std::cmp::PartialEq>::eq

Check 115: <ContractError as std::cmp::PartialEq>::eq.pointer_dereference.1
	 - Status: SUCCESS
	 - Description: "dereference failure: pointer NULL"
	 - Location: rust/crates/actors/src/lib.rs:53:34 in function <ContractError as std::cmp::PartialEq>::eq

Check 116: <ContractError as std::cmp::PartialEq>::eq.pointer_dereference.2
	 - Status: SUCCESS
	 - Description: "dereference failure: pointer invalid"
	 - Location: rust/crates/actors/src/lib.rs:53:34 in function <ContractError as std::cmp::PartialEq>::eq

Check 117: <ContractError as std::cmp::PartialEq>::eq.pointer_dereference.3
	 - Status: SUCCESS
	 - Description: "dereference failure: deallocated dynamic object"
	 - Location: rust/crates/actors/src/lib.rs:53:34 in function <ContractError as std::cmp::PartialEq>::eq

Check 118: <ContractError as std::cmp::PartialEq>::eq.pointer_dereference.4
	 - Status: SUCCESS
	 - Description: "dereference failure: dead object"
	 - Location: rust/crates/actors/src/lib.rs:53:34 in function <ContractError as std::cmp::PartialEq>::eq

Check 119: <ContractError as std::cmp::PartialEq>::eq.pointer_dereference.5
	 - Status: SUCCESS
	 - Description: "dereference failure: pointer outside object bounds"
	 - Location: rust/crates/actors/src/lib.rs:53:34 in function <ContractError as std::cmp::PartialEq>::eq

Check 120: <ContractError as std::cmp::PartialEq>::eq.pointer_dereference.6
	 - Status: SUCCESS
	 - Description: "dereference failure: invalid integer address"
	 - Location: rust/crates/actors/src/lib.rs:53:34 in function <ContractError as std::cmp::PartialEq>::eq

Check 121: <ContractError as std::cmp::PartialEq>::eq.pointer_dereference.7
	 - Status: SUCCESS
	 - Description: "dereference failure: pointer NULL"
	 - Location: rust/crates/actors/src/lib.rs:53:34 in function <ContractError as std::cmp::PartialEq>::eq

Check 122: <ContractError as std::cmp::PartialEq>::eq.pointer_dereference.8
	 - Status: SUCCESS
	 - Description: "dereference failure: pointer invalid"
	 - Location: rust/crates/actors/src/lib.rs:53:34 in function <ContractError as std::cmp::PartialEq>::eq

Check 123: <ContractError as std::cmp::PartialEq>::eq.pointer_dereference.9
	 - Status: SUCCESS
	 - Description: "dereference failure: deallocated dynamic object"
	 - Location: rust/crates/actors/src/lib.rs:53:34 in function <ContractError as std::cmp::PartialEq>::eq

Check 124: <ContractError as std::cmp::PartialEq>::eq.pointer_dereference.10
	 - Status: SUCCESS
	 - Description: "dereference failure: dead object"
	 - Location: rust/crates/actors/src/lib.rs:53:34 in function <ContractError as std::cmp::PartialEq>::eq

Check 125: <ContractError as std::cmp::PartialEq>::eq.pointer_dereference.11
	 - Status: SUCCESS
	 - Description: "dereference failure: pointer outside object bounds"
	 - Location: rust/crates/actors/src/lib.rs:53:34 in function <ContractError as std::cmp::PartialEq>::eq

Check 126: <ContractError as std::cmp::PartialEq>::eq.pointer_dereference.12
	 - Status: SUCCESS
	 - Description: "dereference failure: invalid integer address"
	 - Location: rust/crates/actors/src/lib.rs:53:34 in function <ContractError as std::cmp::PartialEq>::eq

Check 127: std::cmp::impls::<impl std::cmp::PartialEq for &ContractError>::eq.pointer_dereference.1
	 - Status: SUCCESS
	 - Description: "dereference failure: pointer NULL"
	 - Location: ../../../../../../../../home/runner/.rustup/toolchains/nightly-2026-08-21-x86_64-unknown-linux-gnu/lib/rustlib/src/rust/library/core/src/cmp.rs:2399:27 in function std::cmp::impls::<impl std::cmp::PartialEq for &ContractError>::eq

Check 128: std::cmp::impls::<impl std::cmp::PartialEq for &ContractError>::eq.pointer_dereference.2
	 - Status: SUCCESS
	 - Description: "dereference failure: pointer invalid"
	 - Location: ../../../../../../../../home/runner/.rustup/toolchains/nightly-2026-08-21-x86_64-unknown-linux-gnu/lib/rustlib/src/rust/library/core/src/cmp.rs:2399:27 in function std::cmp::impls::<impl std::cmp::PartialEq for &ContractError>::eq

Check 129: std::cmp::impls::<impl std::cmp::PartialEq for &ContractError>::eq.pointer_dereference.3
	 - Status: SUCCESS
	 - Description: "dereference failure: deallocated dynamic object"
	 - Location: ../../../../../../../../home/runner/.rustup/toolchains/nightly-2026-08-21-x86_64-unknown-linux-gnu/lib/rustlib/src/rust/library/core/src/cmp.rs:2399:27 in function std::cmp::impls::<impl std::cmp::PartialEq for &ContractError>::eq

Check 130: std::cmp::impls::<impl std::cmp::PartialEq for &ContractError>::eq.pointer_dereference.4
	 - Status: SUCCESS
	 - Description: "dereference failure: dead object"
	 - Location: ../../../../../../../../home/runner/.rustup/toolchains/nightly-2026-08-21-x86_64-unknown-linux-gnu/lib/rustlib/src/rust/library/core/src/cmp.rs:2399:27 in function std::cmp::impls::<impl std::cmp::PartialEq for &ContractError>::eq

Check 131: std::cmp::impls::<impl std::cmp::PartialEq for &ContractError>::eq.pointer_dereference.5
	 - Status: SUCCESS
	 - Description: "dereference failure: pointer outside object bounds"
	 - Location: ../../../../../../../../home/runner/.rustup/toolchains/nightly-2026-08-21-x86_64-unknown-linux-gnu/lib/rustlib/src/rust/library/core/src/cmp.rs:2399:27 in function std::cmp::impls::<impl std::cmp::PartialEq for &ContractError>::eq

Check 132: std::cmp::impls::<impl std::cmp::PartialEq for &ContractError>::eq.pointer_dereference.6
	 - Status: SUCCESS
	 - Description: "dereference failure: invalid integer address"
	 - Location: ../../../../../../../../home/runner/.rustup/toolchains/nightly-2026-08-21-x86_64-unknown-linux-gnu/lib/rustlib/src/rust/library/core/src/cmp.rs:2399:27 in function std::cmp::impls::<impl std::cmp::PartialEq for &ContractError>::eq

Check 133: std::cmp::impls::<impl std::cmp::PartialEq for &ContractError>::eq.pointer_dereference.7
	 - Status: SUCCESS
	 - Description: "dereference failure: pointer NULL"
	 - Location: ../../../../../../../../home/runner/.rustup/toolchains/nightly-2026-08-21-x86_64-unknown-linux-gnu/lib/rustlib/src/rust/library/core/src/cmp.rs:2399:34 in function std::cmp::impls::<impl std::cmp::PartialEq for &ContractError>::eq

Check 134: std::cmp::impls::<impl std::cmp::PartialEq for &ContractError>::eq.pointer_dereference.8
	 - Status: SUCCESS
	 - Description: "dereference failure: pointer invalid"
	 - Location: ../../../../../../../../home/runner/.rustup/toolchains/nightly-2026-08-21-x86_64-unknown-linux-gnu/lib/rustlib/src/rust/library/core/src/cmp.rs:2399:34 in function std::cmp::impls::<impl std::cmp::PartialEq for &ContractError>::eq

Check 135: std::cmp::impls::<impl std::cmp::PartialEq for &ContractError>::eq.pointer_dereference.9
	 - Status: SUCCESS
	 - Description: "dereference failure: deallocated dynamic object"
	 - Location: ../../../../../../../../home/runner/.rustup/toolchains/nightly-2026-08-21-x86_64-unknown-linux-gnu/lib/rustlib/src/rust/library/core/src/cmp.rs:2399:34 in function std::cmp::impls::<impl std::cmp::PartialEq for &ContractError>::eq

Check 136: std::cmp::impls::<impl std::cmp::PartialEq for &ContractError>::eq.pointer_dereference.10
	 - Status: SUCCESS
	 - Description: "dereference failure: dead object"
	 - Location: ../../../../../../../../home/runner/.rustup/toolchains/nightly-2026-08-21-x86_64-unknown-linux-gnu/lib/rustlib/src/rust/library/core/src/cmp.rs:2399:34 in function std::cmp::impls::<impl std::cmp::PartialEq for &ContractError>::eq

Check 137: std::cmp::impls::<impl std::cmp::PartialEq for &ContractError>::eq.pointer_dereference.11
	 - Status: SUCCESS
	 - Description: "dereference failure: pointer outside object bounds"
	 - Location: ../../../../../../../../home/runner/.rustup/toolchains/nightly-2026-08-21-x86_64-unknown-linux-gnu/lib/rustlib/src/rust/library/core/src/cmp.rs:2399:34 in function std::cmp::impls::<impl std::cmp::PartialEq for &ContractError>::eq

Check 138: std::cmp::impls::<impl std::cmp::PartialEq for &ContractError>::eq.pointer_dereference.12
	 - Status: SUCCESS
	 - Description: "dereference failure: invalid integer address"
	 - Location: ../../../../../../../../home/runner/.rustup/toolchains/nightly-2026-08-21-x86_64-unknown-linux-gnu/lib/rustlib/src/rust/library/core/src/cmp.rs:2399:34 in function std::cmp::impls::<impl std::cmp::PartialEq for &ContractError>::eq

Check 139: std::cmp::impls::<impl std::cmp::PartialEq for &domain::DomainError>::eq.pointer_dereference.1
	 - Status: SUCCESS
	 - Description: "dereference failure: pointer NULL"
	 - Location: ../../../../../../../../home/runner/.rustup/toolchains/nightly-2026-08-21-x86_64-unknown-linux-gnu/lib/rustlib/src/rust/library/core/src/cmp.rs:2399:27 in function std::cmp::impls::<impl std::cmp::PartialEq for &domain::DomainError>::eq

Check 140: std::cmp::impls::<impl std::cmp::PartialEq for &domain::DomainError>::eq.pointer_dereference.2
	 - Status: SUCCESS
	 - Description: "dereference failure: pointer invalid"
	 - Location: ../../../../../../../../home/runner/.rustup/toolchains/nightly-2026-08-21-x86_64-unknown-linux-gnu/lib/rustlib/src/rust/library/core/src/cmp.rs:2399:27 in function std::cmp::impls::<impl std::cmp::PartialEq for &domain::DomainError>::eq

Check 141: std::cmp::impls::<impl std::cmp::PartialEq for &domain::DomainError>::eq.pointer_dereference.3
	 - Status: SUCCESS
	 - Description: "dereference failure: deallocated dynamic object"
	 - Location: ../../../../../../../../home/runner/.rustup/toolchains/nightly-2026-08-21-x86_64-unknown-linux-gnu/lib/rustlib/src/rust/library/core/src/cmp.rs:2399:27 in function std::cmp::impls::<impl std::cmp::PartialEq for &domain::DomainError>::eq

Check 142: std::cmp::impls::<impl std::cmp::PartialEq for &domain::DomainError>::eq.pointer_dereference.4
	 - Status: SUCCESS
	 - Description: "dereference failure: dead object"
	 - Location: ../../../../../../../../home/runner/.rustup/toolchains/nightly-2026-08-21-x86_64-unknown-linux-gnu/lib/rustlib/src/rust/library/core/src/cmp.rs:2399:27 in function std::cmp::impls::<impl std::cmp::PartialEq for &domain::DomainError>::eq

Check 143: std::cmp::impls::<impl std::cmp::PartialEq for &domain::DomainError>::eq.pointer_dereference.5
	 - Status: SUCCESS
	 - Description: "dereference failure: pointer outside object bounds"
	 - Location: ../../../../../../../../home/runner/.rustup/toolchains/nightly-2026-08-21-x86_64-unknown-linux-gnu/lib/rustlib/src/rust/library/core/src/cmp.rs:2399:27 in function std::cmp::impls::<impl std::cmp::PartialEq for &domain::DomainError>::eq

Check 144: std::cmp::impls::<impl std::cmp::PartialEq for &domain::DomainError>::eq.pointer_dereference.6
	 - Status: SUCCESS
	 - Description: "dereference failure: invalid integer address"
	 - Location: ../../../../../../../../home/runner/.rustup/toolchains/nightly-2026-08-21-x86_64-unknown-linux-gnu/lib/rustlib/src/rust/library/core/src/cmp.rs:2399:27 in function std::cmp::impls::<impl std::cmp::PartialEq for &domain::DomainError>::eq

Check 145: std::cmp::impls::<impl std::cmp::PartialEq for &domain::DomainError>::eq.pointer_dereference.7
	 - Status: SUCCESS
	 - Description: "dereference failure: pointer NULL"
	 - Location: ../../../../../../../../home/runner/.rustup/toolchains/nightly-2026-08-21-x86_64-unknown-linux-gnu/lib/rustlib/src/rust/library/core/src/cmp.rs:2399:34 in function std::cmp::impls::<impl std::cmp::PartialEq for &domain::DomainError>::eq

Check 146: std::cmp::impls::<impl std::cmp::PartialEq for &domain::DomainError>::eq.pointer_dereference.8
	 - Status: SUCCESS
	 - Description: "dereference failure: pointer invalid"
	 - Location: ../../../../../../../../home/runner/.rustup/toolchains/nightly-2026-08-21-x86_64-unknown-linux-gnu/lib/rustlib/src/rust/library/core/src/cmp.rs:2399:34 in function std::cmp::impls::<impl std::cmp::PartialEq for &domain::DomainError>::eq

Check 147: std::cmp::impls::<impl std::cmp::PartialEq for &domain::DomainError>::eq.pointer_dereference.9
	 - Status: SUCCESS
	 - Description: "dereference failure: deallocated dynamic object"
	 - Location: ../../../../../../../../home/runner/.rustup/toolchains/nightly-2026-08-21-x86_64-unknown-linux-gnu/lib/rustlib/src/rust/library/core/src/cmp.rs:2399:34 in function std::cmp::impls::<impl std::cmp::PartialEq for &domain::DomainError>::eq

Check 148: std::cmp::impls::<impl std::cmp::PartialEq for &domain::DomainError>::eq.pointer_dereference.10
	 - Status: SUCCESS
	 - Description: "dereference failure: dead object"
	 - Location: ../../../../../../../../home/runner/.rustup/toolchains/nightly-2026-08-21-x86_64-unknown-linux-gnu/lib/rustlib/src/rust/library/core/src/cmp.rs:2399:34 in function std::cmp::impls::<impl std::cmp::PartialEq for &domain::DomainError>::eq

Check 149: std::cmp::impls::<impl std::cmp::PartialEq for &domain::DomainError>::eq.pointer_dereference.11
	 - Status: SUCCESS
	 - Description: "dereference failure: pointer outside object bounds"
	 - Location: ../../../../../../../../home/runner/.rustup/toolchains/nightly-2026-08-21-x86_64-unknown-linux-gnu/lib/rustlib/src/rust/library/core/src/cmp.rs:2399:34 in function std::cmp::impls::<impl std::cmp::PartialEq for &domain::DomainError>::eq

Check 150: std::cmp::impls::<impl std::cmp::PartialEq for &domain::DomainError>::eq.pointer_dereference.12
	 - Status: SUCCESS
	 - Description: "dereference failure: invalid integer address"
	 - Location: ../../../../../../../../home/runner/.rustup/toolchains/nightly-2026-08-21-x86_64-unknown-linux-gnu/lib/rustlib/src/rust/library/core/src/cmp.rs:2399:34 in function std::cmp::impls::<impl std::cmp::PartialEq for &domain::DomainError>::eq

Check 151: std::cmp::impls::<impl std::cmp::PartialEq for &domain::SubscriptionStart>::eq.pointer_dereference.1
	 - Status: SUCCESS
	 - Description: "dereference failure: pointer NULL"
	 - Location: ../../../../../../../../home/runner/.rustup/toolchains/nightly-2026-08-21-x86_64-unknown-linux-gnu/lib/rustlib/src/rust/library/core/src/cmp.rs:2399:27 in function std::cmp::impls::<impl std::cmp::PartialEq for &domain::SubscriptionStart>::eq

Check 152: std::cmp::impls::<impl std::cmp::PartialEq for &domain::SubscriptionStart>::eq.pointer_dereference.2
	 - Status: SUCCESS
	 - Description: "dereference failure: pointer invalid"
	 - Location: ../../../../../../../../home/runner/.rustup/toolchains/nightly-2026-08-21-x86_64-unknown-linux-gnu/lib/rustlib/src/rust/library/core/src/cmp.rs:2399:27 in function std::cmp::impls::<impl std::cmp::PartialEq for &domain::SubscriptionStart>::eq

Check 153: std::cmp::impls::<impl std::cmp::PartialEq for &domain::SubscriptionStart>::eq.pointer_dereference.3
	 - Status: SUCCESS
	 - Description: "dereference failure: deallocated dynamic object"
	 - Location: ../../../../../../../../home/runner/.rustup/toolchains/nightly-2026-08-21-x86_64-unknown-linux-gnu/lib/rustlib/src/rust/library/core/src/cmp.rs:2399:27 in function std::cmp::impls::<impl std::cmp::PartialEq for &domain::SubscriptionStart>::eq

Check 154: std::cmp::impls::<impl std::cmp::PartialEq for &domain::SubscriptionStart>::eq.pointer_dereference.4
	 - Status: SUCCESS
	 - Description: "dereference failure: dead object"
	 - Location: ../../../../../../../../home/runner/.rustup/toolchains/nightly-2026-08-21-x86_64-unknown-linux-gnu/lib/rustlib/src/rust/library/core/src/cmp.rs:2399:27 in function std::cmp::impls::<impl std::cmp::PartialEq for &domain::SubscriptionStart>::eq

Check 155: std::cmp::impls::<impl std::cmp::PartialEq for &domain::SubscriptionStart>::eq.pointer_dereference.5
	 - Status: SUCCESS
	 - Description: "dereference failure: pointer outside object bounds"
	 - Location: ../../../../../../../../home/runner/.rustup/toolchains/nightly-2026-08-21-x86_64-unknown-linux-gnu/lib/rustlib/src/rust/library/core/src/cmp.rs:2399:27 in function std::cmp::impls::<impl std::cmp::PartialEq for &domain::SubscriptionStart>::eq

Check 156: std::cmp::impls::<impl std::cmp::PartialEq for &domain::SubscriptionStart>::eq.pointer_dereference.6
	 - Status: SUCCESS
	 - Description: "dereference failure: invalid integer address"
	 - Location: ../../../../../../../../home/runner/.rustup/toolchains/nightly-2026-08-21-x86_64-unknown-linux-gnu/lib/rustlib/src/rust/library/core/src/cmp.rs:2399:27 in function std::cmp::impls::<impl std::cmp::PartialEq for &domain::SubscriptionStart>::eq

Check 157: std::cmp::impls::<impl std::cmp::PartialEq for &domain::SubscriptionStart>::eq.pointer_dereference.7
	 - Status: SUCCESS
	 - Description: "dereference failure: pointer NULL"
	 - Location: ../../../../../../../../home/runner/.rustup/toolchains/nightly-2026-08-21-x86_64-unknown-linux-gnu/lib/rustlib/src/rust/library/core/src/cmp.rs:2399:34 in function std::cmp::impls::<impl std::cmp::PartialEq for &domain::SubscriptionStart>::eq

Check 158: std::cmp::impls::<impl std::cmp::PartialEq for &domain::SubscriptionStart>::eq.pointer_dereference.8
	 - Status: SUCCESS
	 - Description: "dereference failure: pointer invalid"
	 - Location: ../../../../../../../../home/runner/.rustup/toolchains/nightly-2026-08-21-x86_64-unknown-linux-gnu/lib/rustlib/src/rust/library/core/src/cmp.rs:2399:34 in function std::cmp::impls::<impl std::cmp::PartialEq for &domain::SubscriptionStart>::eq

Check 159: std::cmp::impls::<impl std::cmp::PartialEq for &domain::SubscriptionStart>::eq.pointer_dereference.9
	 - Status: SUCCESS
	 - Description: "dereference failure: deallocated dynamic object"
	 - Location: ../../../../../../../../home/runner/.rustup/toolchains/nightly-2026-08-21-x86_64-unknown-linux-gnu/lib/rustlib/src/rust/library/core/src/cmp.rs:2399:34 in function std::cmp::impls::<impl std::cmp::PartialEq for &domain::SubscriptionStart>::eq

Check 160: std::cmp::impls::<impl std::cmp::PartialEq for &domain::SubscriptionStart>::eq.pointer_dereference.10
	 - Status: SUCCESS
	 - Description: "dereference failure: dead object"
	 - Location: ../../../../../../../../home/runner/.rustup/toolchains/nightly-2026-08-21-x86_64-unknown-linux-gnu/lib/rustlib/src/rust/library/core/src/cmp.rs:2399:34 in function std::cmp::impls::<impl std::cmp::PartialEq for &domain::SubscriptionStart>::eq

Check 161: std::cmp::impls::<impl std::cmp::PartialEq for &domain::SubscriptionStart>::eq.pointer_dereference.11
	 - Status: SUCCESS
	 - Description: "dereference failure: pointer outside object bounds"
	 - Location: ../../../../../../../../home/runner/.rustup/toolchains/nightly-2026-08-21-x86_64-unknown-linux-gnu/lib/rustlib/src/rust/library/core/src/cmp.rs:2399:34 in function std::cmp::impls::<impl std::cmp::PartialEq for &domain::SubscriptionStart>::eq

Check 162: std::cmp::impls::<impl std::cmp::PartialEq for &domain::SubscriptionStart>::eq.pointer_dereference.12
	 - Status: SUCCESS
	 - Description: "dereference failure: invalid integer address"
	 - Location: ../../../../../../../../home/runner/.rustup/toolchains/nightly-2026-08-21-x86_64-unknown-linux-gnu/lib/rustlib/src/rust/library/core/src/cmp.rs:2399:34 in function std::cmp::impls::<impl std::cmp::PartialEq for &domain::SubscriptionStart>::eq

Check 163: std::cmp::impls::<impl std::cmp::PartialEq for &bool>::eq.pointer_dereference.1
	 - Status: SUCCESS
	 - Description: "dereference failure: pointer NULL"
	 - Location: ../../../../../../../../home/runner/.rustup/toolchains/nightly-2026-08-21-x86_64-unknown-linux-gnu/lib/rustlib/src/rust/library/core/src/cmp.rs:2399:27 in function std::cmp::impls::<impl std::cmp::PartialEq for &bool>::eq

Check 164: std::cmp::impls::<impl std::cmp::PartialEq for &bool>::eq.pointer_dereference.2
	 - Status: SUCCESS
	 - Description: "dereference failure: pointer invalid"
	 - Location: ../../../../../../../../home/runner/.rustup/toolchains/nightly-2026-08-21-x86_64-unknown-linux-gnu/lib/rustlib/src/rust/library/core/src/cmp.rs:2399:27 in function std::cmp::impls::<impl std::cmp::PartialEq for &bool>::eq

Check 165: std::cmp::impls::<impl std::cmp::PartialEq for &bool>::eq.pointer_dereference.3
	 - Status: SUCCESS
	 - Description: "dereference failure: deallocated dynamic object"
	 - Location: ../../../../../../../../home/runner/.rustup/toolchains/nightly-2026-08-21-x86_64-unknown-linux-gnu/lib/rustlib/src/rust/library/core/src/cmp.rs:2399:27 in function std::cmp::impls::<impl std::cmp::PartialEq for &bool>::eq

Check 166: std::cmp::impls::<impl std::cmp::PartialEq for &bool>::eq.pointer_dereference.4
	 - Status: SUCCESS
	 - Description: "dereference failure: dead object"
	 - Location: ../../../../../../../../home/runner/.rustup/toolchains/nightly-2026-08-21-x86_64-unknown-linux-gnu/lib/rustlib/src/rust/library/core/src/cmp.rs:2399:27 in function std::cmp::impls::<impl std::cmp::PartialEq for &bool>::eq

Check 167: std::cmp::impls::<impl std::cmp::PartialEq for &bool>::eq.pointer_dereference.5
	 - Status: SUCCESS
	 - Description: "dereference failure: pointer outside object bounds"
	 - Location: ../../../../../../../../home/runner/.rustup/toolchains/nightly-2026-08-21-x86_64-unknown-linux-gnu/lib/rustlib/src/rust/library/core/src/cmp.rs:2399:27 in function std::cmp::impls::<impl std::cmp::PartialEq for &bool>::eq

Check 168: std::cmp::impls::<impl std::cmp::PartialEq for &bool>::eq.pointer_dereference.6
	 - Status: SUCCESS
	 - Description: "dereference failure: invalid integer address"
	 - Location: ../../../../../../../../home/runner/.rustup/toolchains/nightly-2026-08-21-x86_64-unknown-linux-gnu/lib/rustlib/src/rust/library/core/src/cmp.rs:2399:27 in function std::cmp::impls::<impl std::cmp::PartialEq for &bool>::eq

Check 169: std::cmp::impls::<impl std::cmp::PartialEq for &bool>::eq.pointer_dereference.7
	 - Status: SUCCESS
	 - Description: "dereference failure: pointer NULL"
	 - Location: ../../../../../../../../home/runner/.rustup/toolchains/nightly-2026-08-21-x86_64-unknown-linux-gnu/lib/rustlib/src/rust/library/core/src/cmp.rs:2399:34 in function std::cmp::impls::<impl std::cmp::PartialEq for &bool>::eq

Check 170: std::cmp::impls::<impl std::cmp::PartialEq for &bool>::eq.pointer_dereference.8
	 - Status: SUCCESS
	 - Description: "dereference failure: pointer invalid"
	 - Location: ../../../../../../../../home/runner/.rustup/toolchains/nightly-2026-08-21-x86_64-unknown-linux-gnu/lib/rustlib/src/rust/library/core/src/cmp.rs:2399:34 in function std::cmp::impls::<impl std::cmp::PartialEq for &bool>::eq

Check 171: std::cmp::impls::<impl std::cmp::PartialEq for &bool>::eq.pointer_dereference.9
	 - Status: SUCCESS
	 - Description: "dereference failure: deallocated dynamic object"
	 - Location: ../../../../../../../../home/runner/.rustup/toolchains/nightly-2026-08-21-x86_64-unknown-linux-gnu/lib/rustlib/src/rust/library/core/src/cmp.rs:2399:34 in function std::cmp::impls::<impl std::cmp::PartialEq for &bool>::eq

Check 172: std::cmp::impls::<impl std::cmp::PartialEq for &bool>::eq.pointer_dereference.10
	 - Status: SUCCESS
	 - Description: "dereference failure: dead object"
	 - Location: ../../../../../../../../home/runner/.rustup/toolchains/nightly-2026-08-21-x86_64-unknown-linux-gnu/lib/rustlib/src/rust/library/core/src/cmp.rs:2399:34 in function std::cmp::impls::<impl std::cmp::PartialEq for &bool>::eq

Check 173: std::cmp::impls::<impl std::cmp::PartialEq for &bool>::eq.pointer_dereference.11
	 - Status: SUCCESS
	 - Description: "dereference failure: pointer outside object bounds"
	 - Location: ../../../../../../../../home/runner/.rustup/toolchains/nightly-2026-08-21-x86_64-unknown-linux-gnu/lib/rustlib/src/rust/library/core/src/cmp.rs:2399:34 in function std::cmp::impls::<impl std::cmp::PartialEq for &bool>::eq

Check 174: std::cmp::impls::<impl std::cmp::PartialEq for &bool>::eq.pointer_dereference.12
	 - Status: SUCCESS
	 - Description: "dereference failure: invalid integer address"
	 - Location: ../../../../../../../../home/runner/.rustup/toolchains/nightly-2026-08-21-x86_64-unknown-linux-gnu/lib/rustlib/src/rust/library/core/src/cmp.rs:2399:34 in function std::cmp::impls::<impl std::cmp::PartialEq for &bool>::eq

Check 175: std::cmp::impls::<impl std::cmp::PartialEq for &i32>::eq.pointer_dereference.1
	 - Status: SUCCESS
	 - Description: "dereference failure: pointer NULL"
	 - Location: ../../../../../../../../home/runner/.rustup/toolchains/nightly-2026-08-21-x86_64-unknown-linux-gnu/lib/rustlib/src/rust/library/core/src/cmp.rs:2399:27 in function std::cmp::impls::<impl std::cmp::PartialEq for &i32>::eq

Check 176: std::cmp::impls::<impl std::cmp::PartialEq for &i32>::eq.pointer_dereference.2
	 - Status: SUCCESS
	 - Description: "dereference failure: pointer invalid"
	 - Location: ../../../../../../../../home/runner/.rustup/toolchains/nightly-2026-08-21-x86_64-unknown-linux-gnu/lib/rustlib/src/rust/library/core/src/cmp.rs:2399:27 in function std::cmp::impls::<impl std::cmp::PartialEq for &i32>::eq

Check 177: std::cmp::impls::<impl std::cmp::PartialEq for &i32>::eq.pointer_dereference.3
	 - Status: SUCCESS
	 - Description: "dereference failure: deallocated dynamic object"
	 - Location: ../../../../../../../../home/runner/.rustup/toolchains/nightly-2026-08-21-x86_64-unknown-linux-gnu/lib/rustlib/src/rust/library/core/src/cmp.rs:2399:27 in function std::cmp::impls::<impl std::cmp::PartialEq for &i32>::eq

Check 178: std::cmp::impls::<impl std::cmp::PartialEq for &i32>::eq.pointer_dereference.4
	 - Status: SUCCESS
	 - Description: "dereference failure: dead object"
	 - Location: ../../../../../../../../home/runner/.rustup/toolchains/nightly-2026-08-21-x86_64-unknown-linux-gnu/lib/rustlib/src/rust/library/core/src/cmp.rs:2399:27 in function std::cmp::impls::<impl std::cmp::PartialEq for &i32>::eq

Check 179: std::cmp::impls::<impl std::cmp::PartialEq for &i32>::eq.pointer_dereference.5
	 - Status: SUCCESS
	 - Description: "dereference failure: pointer outside object bounds"
	 - Location: ../../../../../../../../home/runner/.rustup/toolchains/nightly-2026-08-21-x86_64-unknown-linux-gnu/lib/rustlib/src/rust/library/core/src/cmp.rs:2399:27 in function std::cmp::impls::<impl std::cmp::PartialEq for &i32>::eq

Check 180: std::cmp::impls::<impl std::cmp::PartialEq for &i32>::eq.pointer_dereference.6
	 - Status: SUCCESS
	 - Description: "dereference failure: invalid integer address"
	 - Location: ../../../../../../../../home/runner/.rustup/toolchains/nightly-2026-08-21-x86_64-unknown-linux-gnu/lib/rustlib/src/rust/library/core/src/cmp.rs:2399:27 in function std::cmp::impls::<impl std::cmp::PartialEq for &i32>::eq

Check 181: std::cmp::impls::<impl std::cmp::PartialEq for &i32>::eq.pointer_dereference.7
	 - Status: SUCCESS
	 - Description: "dereference failure: pointer NULL"
	 - Location: ../../../../../../../../home/runner/.rustup/toolchains/nightly-2026-08-21-x86_64-unknown-linux-gnu/lib/rustlib/src/rust/library/core/src/cmp.rs:2399:34 in function std::cmp::impls::<impl std::cmp::PartialEq for &i32>::eq

Check 182: std::cmp::impls::<impl std::cmp::PartialEq for &i32>::eq.pointer_dereference.8
	 - Status: SUCCESS
	 - Description: "dereference failure: pointer invalid"
	 - Location: ../../../../../../../../home/runner/.rustup/toolchains/nightly-2026-08-21-x86_64-unknown-linux-gnu/lib/rustlib/src/rust/library/core/src/cmp.rs:2399:34 in function std::cmp::impls::<impl std::cmp::PartialEq for &i32>::eq

Check 183: std::cmp::impls::<impl std::cmp::PartialEq for &i32>::eq.pointer_dereference.9
	 - Status: SUCCESS
	 - Description: "dereference failure: deallocated dynamic object"
	 - Location: ../../../../../../../../home/runner/.rustup/toolchains/nightly-2026-08-21-x86_64-unknown-linux-gnu/lib/rustlib/src/rust/library/core/src/cmp.rs:2399:34 in function std::cmp::impls::<impl std::cmp::PartialEq for &i32>::eq

Check 184: std::cmp::impls::<impl std::cmp::PartialEq for &i32>::eq.pointer_dereference.10
	 - Status: SUCCESS
	 - Description: "dereference failure: dead object"
	 - Location: ../../../../../../../../home/runner/.rustup/toolchains/nightly-2026-08-21-x86_64-unknown-linux-gnu/lib/rustlib/src/rust/library/core/src/cmp.rs:2399:34 in function std::cmp::impls::<impl std::cmp::PartialEq for &i32>::eq

Check 185: std::cmp::impls::<impl std::cmp::PartialEq for &i32>::eq.pointer_dereference.11
	 - Status: SUCCESS
	 - Description: "dereference failure: pointer outside object bounds"
	 - Location: ../../../../../../../../home/runner/.rustup/toolchains/nightly-2026-08-21-x86_64-unknown-linux-gnu/lib/rustlib/src/rust/library/core/src/cmp.rs:2399:34 in function std::cmp::impls::<impl std::cmp::PartialEq for &i32>::eq

Check 186: std::cmp::impls::<impl std::cmp::PartialEq for &i32>::eq.pointer_dereference.12
	 - Status: SUCCESS
	 - Description: "dereference failure: invalid integer address"
	 - Location: ../../../../../../../../home/runner/.rustup/toolchains/nightly-2026-08-21-x86_64-unknown-linux-gnu/lib/rustlib/src/rust/library/core/src/cmp.rs:2399:34 in function std::cmp::impls::<impl std::cmp::PartialEq for &i32>::eq

Check 187: std::cmp::impls::<impl std::cmp::PartialEq for &u64>::eq.pointer_dereference.1
	 - Status: SUCCESS
	 - Description: "dereference failure: pointer NULL"
	 - Location: ../../../../../../../../home/runner/.rustup/toolchains/nightly-2026-08-21-x86_64-unknown-linux-gnu/lib/rustlib/src/rust/library/core/src/cmp.rs:2399:27 in function std::cmp::impls::<impl std::cmp::PartialEq for &u64>::eq

Check 188: std::cmp::impls::<impl std::cmp::PartialEq for &u64>::eq.pointer_dereference.2
	 - Status: SUCCESS
	 - Description: "dereference failure: pointer invalid"
	 - Location: ../../../../../../../../home/runner/.rustup/toolchains/nightly-2026-08-21-x86_64-unknown-linux-gnu/lib/rustlib/src/rust/library/core/src/cmp.rs:2399:27 in function std::cmp::impls::<impl std::cmp::PartialEq for &u64>::eq

Check 189: std::cmp::impls::<impl std::cmp::PartialEq for &u64>::eq.pointer_dereference.3
	 - Status: SUCCESS
	 - Description: "dereference failure: deallocated dynamic object"
	 - Location: ../../../../../../../../home/runner/.rustup/toolchains/nightly-2026-08-21-x86_64-unknown-linux-gnu/lib/rustlib/src/rust/library/core/src/cmp.rs:2399:27 in function std::cmp::impls::<impl std::cmp::PartialEq for &u64>::eq

Check 190: std::cmp::impls::<impl std::cmp::PartialEq for &u64>::eq.pointer_dereference.4
	 - Status: SUCCESS
	 - Description: "dereference failure: dead object"
	 - Location: ../../../../../../../../home/runner/.rustup/toolchains/nightly-2026-08-21-x86_64-unknown-linux-gnu/lib/rustlib/src/rust/library/core/src/cmp.rs:2399:27 in function std::cmp::impls::<impl std::cmp::PartialEq for &u64>::eq

Check 191: std::cmp::impls::<impl std::cmp::PartialEq for &u64>::eq.pointer_dereference.5
	 - Status: SUCCESS
	 - Description: "dereference failure: pointer outside object bounds"
	 - Location: ../../../../../../../../home/runner/.rustup/toolchains/nightly-2026-08-21-x86_64-unknown-linux-gnu/lib/rustlib/src/rust/library/core/src/cmp.rs:2399:27 in function std::cmp::impls::<impl std::cmp::PartialEq for &u64>::eq

Check 192: std::cmp::impls::<impl std::cmp::PartialEq for &u64>::eq.pointer_dereference.6
	 - Status: SUCCESS
	 - Description: "dereference failure: invalid integer address"
	 - Location: ../../../../../../../../home/runner/.rustup/toolchains/nightly-2026-08-21-x86_64-unknown-linux-gnu/lib/rustlib/src/rust/library/core/src/cmp.rs:2399:27 in function std::cmp::impls::<impl std::cmp::PartialEq for &u64>::eq

Check 193: std::cmp::impls::<impl std::cmp::PartialEq for &u64>::eq.pointer_dereference.7
	 - Status: SUCCESS
	 - Description: "dereference failure: pointer NULL"
	 - Location: ../../../../../../../../home/runner/.rustup/toolchains/nightly-2026-08-21-x86_64-unknown-linux-gnu/lib/rustlib/src/rust/library/core/src/cmp.rs:2399:34 in function std::cmp::impls::<impl std::cmp::PartialEq for &u64>::eq

Check 194: std::cmp::impls::<impl std::cmp::PartialEq for &u64>::eq.pointer_dereference.8
	 - Status: SUCCESS
	 - Description: "dereference failure: pointer invalid"
	 - Location: ../../../../../../../../home/runner/.rustup/toolchains/nightly-2026-08-21-x86_64-unknown-linux-gnu/lib/rustlib/src/rust/library/core/src/cmp.rs:2399:34 in function std::cmp::impls::<impl std::cmp::PartialEq for &u64>::eq

Check 195: std::cmp::impls::<impl std::cmp::PartialEq for &u64>::eq.pointer_dereference.9
	 - Status: SUCCESS
	 - Description: "dereference failure: deallocated dynamic object"
	 - Location: ../../../../../../../../home/runner/.rustup/toolchains/nightly-2026-08-21-x86_64-unknown-linux-gnu/lib/rustlib/src/rust/library/core/src/cmp.rs:2399:34 in function std::cmp::impls::<impl std::cmp::PartialEq for &u64>::eq

Check 196: std::cmp::impls::<impl std::cmp::PartialEq for &u64>::eq.pointer_dereference.10
	 - Status: SUCCESS
	 - Description: "dereference failure: dead object"
	 - Location: ../../../../../../../../home/runner/.rustup/toolchains/nightly-2026-08-21-x86_64-unknown-linux-gnu/lib/rustlib/src/rust/library/core/src/cmp.rs:2399:34 in function std::cmp::impls::<impl std::cmp::PartialEq for &u64>::eq

Check 197: std::cmp::impls::<impl std::cmp::PartialEq for &u64>::eq.pointer_dereference.11
	 - Status: SUCCESS
	 - Description: "dereference failure: pointer outside object bounds"
	 - Location: ../../../../../../../../home/runner/.rustup/toolchains/nightly-2026-08-21-x86_64-unknown-linux-gnu/lib/rustlib/src/rust/library/core/src/cmp.rs:2399:34 in function std::cmp::impls::<impl std::cmp::PartialEq for &u64>::eq

Check 198: std::cmp::impls::<impl std::cmp::PartialEq for &u64>::eq.pointer_dereference.12
	 - Status: SUCCESS
	 - Description: "dereference failure: invalid integer address"
	 - Location: ../../../../../../../../home/runner/.rustup/toolchains/nightly-2026-08-21-x86_64-unknown-linux-gnu/lib/rustlib/src/rust/library/core/src/cmp.rs:2399:34 in function std::cmp::impls::<impl std::cmp::PartialEq for &u64>::eq

Check 199: <domain::SubscriptionStart as std::convert::TryFrom<contract::generated::SubscriptionStart>>::try_from.pointer_dereference.1
	 - Status: SUCCESS
	 - Description: "dereference failure: deallocated dynamic object"
	 - Location: rust/crates/actors/src/domain.rs:337:15 in function <domain::SubscriptionStart as std::convert::TryFrom<contract::generated::SubscriptionStart>>::try_from

Check 200: <domain::SubscriptionStart as std::convert::TryFrom<contract::generated::SubscriptionStart>>::try_from.pointer_dereference.2
	 - Status: SUCCESS
	 - Description: "dereference failure: dead object"
	 - Location: rust/crates/actors/src/domain.rs:337:15 in function <domain::SubscriptionStart as std::convert::TryFrom<contract::generated::SubscriptionStart>>::try_from

Check 201: <domain::SubscriptionStart as std::convert::TryFrom<contract::generated::SubscriptionStart>>::try_from.pointer_dereference.3
	 - Status: SUCCESS
	 - Description: "dereference failure: dead object"
	 - Location: rust/crates/actors/src/domain.rs:343:17 in function <domain::SubscriptionStart as std::convert::TryFrom<contract::generated::SubscriptionStart>>::try_from

Check 202: <domain::SubscriptionStart as std::convert::TryFrom<contract::generated::SubscriptionStart>>::try_from.pointer_dereference.4
	 - Status: SUCCESS
	 - Description: "dereference failure: dead object"
	 - Location: rust/crates/actors/src/domain.rs:345:21 in function <domain::SubscriptionStart as std::convert::TryFrom<contract::generated::SubscriptionStart>>::try_from

Check 203: <std::option::Option<bool> as std::cmp::PartialEq>::eq.pointer_dereference.1
	 - Status: SUCCESS
	 - Description: "dereference failure: pointer NULL"
	 - Location: ../../../../../../../../home/runner/.rustup/toolchains/nightly-2026-08-21-x86_64-unknown-linux-gnu/lib/rustlib/src/rust/library/core/src/option.rs:2439:15 in function <std::option::Option<bool> as std::cmp::PartialEq>::eq

Check 204: <std::option::Option<bool> as std::cmp::PartialEq>::eq.pointer_dereference.2
	 - Status: SUCCESS
	 - Description: "dereference failure: pointer invalid"
	 - Location: ../../../../../../../../home/runner/.rustup/toolchains/nightly-2026-08-21-x86_64-unknown-linux-gnu/lib/rustlib/src/rust/library/core/src/option.rs:2439:15 in function <std::option::Option<bool> as std::cmp::PartialEq>::eq

Check 205: <std::option::Option<bool> as std::cmp::PartialEq>::eq.pointer_dereference.3
	 - Status: SUCCESS
	 - Description: "dereference failure: deallocated dynamic object"
	 - Location: ../../../../../../../../home/runner/.rustup/toolchains/nightly-2026-08-21-x86_64-unknown-linux-gnu/lib/rustlib/src/rust/library/core/src/option.rs:2439:15 in function <std::option::Option<bool> as std::cmp::PartialEq>::eq

Check 206: <std::option::Option<bool> as std::cmp::PartialEq>::eq.pointer_dereference.4
	 - Status: SUCCESS
	 - Description: "dereference failure: dead object"
	 - Location: ../../../../../../../../home/runner/.rustup/toolchains/nightly-2026-08-21-x86_64-unknown-linux-gnu/lib/rustlib/src/rust/library/core/src/option.rs:2439:15 in function <std::option::Option<bool> as std::cmp::PartialEq>::eq

Check 207: <std::option::Option<bool> as std::cmp::PartialEq>::eq.pointer_dereference.5
	 - Status: SUCCESS
	 - Description: "dereference failure: pointer outside object bounds"
	 - Location: ../../../../../../../../home/runner/.rustup/toolchains/nightly-2026-08-21-x86_64-unknown-linux-gnu/lib/rustlib/src/rust/library/core/src/option.rs:2439:15 in function <std::option::Option<bool> as std::cmp::PartialEq>::eq

Check 208: <std::option::Option<bool> as std::cmp::PartialEq>::eq.pointer_dereference.6
	 - Status: SUCCESS
	 - Description: "dereference failure: invalid integer address"
	 - Location: ../../../../../../../../home/runner/.rustup/toolchains/nightly-2026-08-21-x86_64-unknown-linux-gnu/lib/rustlib/src/rust/library/core/src/option.rs:2439:15 in function <std::option::Option<bool> as std::cmp::PartialEq>::eq

Check 209: <std::option::Option<bool> as std::cmp::PartialEq>::eq.pointer_dereference.7
	 - Status: SUCCESS
	 - Description: "dereference failure: pointer NULL"
	 - Location: ../../../../../../../../home/runner/.rustup/toolchains/nightly-2026-08-21-x86_64-unknown-linux-gnu/lib/rustlib/src/rust/library/core/src/option.rs:2439:15 in function <std::option::Option<bool> as std::cmp::PartialEq>::eq

Check 210: <std::option::Option<bool> as std::cmp::PartialEq>::eq.pointer_dereference.8
	 - Status: SUCCESS
	 - Description: "dereference failure: pointer invalid"
	 - Location: ../../../../../../../../home/runner/.rustup/toolchains/nightly-2026-08-21-x86_64-unknown-linux-gnu/lib/rustlib/src/rust/library/core/src/option.rs:2439:15 in function <std::option::Option<bool> as std::cmp::PartialEq>::eq

Check 211: <std::option::Option<bool> as std::cmp::PartialEq>::eq.pointer_dereference.9
	 - Status: SUCCESS
	 - Description: "dereference failure: deallocated dynamic object"
	 - Location: ../../../../../../../../home/runner/.rustup/toolchains/nightly-2026-08-21-x86_64-unknown-linux-gnu/lib/rustlib/src/rust/library/core/src/option.rs:2439:15 in function <std::option::Option<bool> as std::cmp::PartialEq>::eq

Check 212: <std::option::Option<bool> as std::cmp::PartialEq>::eq.pointer_dereference.10
	 - Status: SUCCESS
	 - Description: "dereference failure: dead object"
	 - Location: ../../../../../../../../home/runner/.rustup/toolchains/nightly-2026-08-21-x86_64-unknown-linux-gnu/lib/rustlib/src/rust/library/core/src/option.rs:2439:15 in function <std::option::Option<bool> as std::cmp::PartialEq>::eq

Check 213: <std::option::Option<bool> as std::cmp::PartialEq>::eq.pointer_dereference.11
	 - Status: SUCCESS
	 - Description: "dereference failure: pointer outside object bounds"
	 - Location: ../../../../../../../../home/runner/.rustup/toolchains/nightly-2026-08-21-x86_64-unknown-linux-gnu/lib/rustlib/src/rust/library/core/src/option.rs:2439:15 in function <std::option::Option<bool> as std::cmp::PartialEq>::eq

Check 214: <std::option::Option<bool> as std::cmp::PartialEq>::eq.pointer_dereference.12
	 - Status: SUCCESS
	 - Description: "dereference failure: invalid integer address"
	 - Location: ../../../../../../../../home/runner/.rustup/toolchains/nightly-2026-08-21-x86_64-unknown-linux-gnu/lib/rustlib/src/rust/library/core/src/option.rs:2439:15 in function <std::option::Option<bool> as std::cmp::PartialEq>::eq

Check 215: <std::option::Option<bool> as std::cmp::PartialEq>::eq.pointer_dereference.13
	 - Status: SUCCESS
	 - Description: "dereference failure: pointer NULL"
	 - Location: ../../../../../../../../home/runner/.rustup/toolchains/nightly-2026-08-21-x86_64-unknown-linux-gnu/lib/rustlib/src/rust/library/core/src/option.rs:2439:15 in function <std::option::Option<bool> as std::cmp::PartialEq>::eq

Check 216: <std::option::Option<bool> as std::cmp::PartialEq>::eq.pointer_dereference.14
	 - Status: SUCCESS
	 - Description: "dereference failure: pointer invalid"
	 - Location: ../../../../../../../../home/runner/.rustup/toolchains/nightly-2026-08-21-x86_64-unknown-linux-gnu/lib/rustlib/src/rust/library/core/src/option.rs:2439:15 in function <std::option::Option<bool> as std::cmp::PartialEq>::eq

Check 217: <std::option::Option<bool> as std::cmp::PartialEq>::eq.pointer_dereference.15
	 - Status: SUCCESS
	 - Description: "dereference failure: deallocated dynamic object"
	 - Location: ../../../../../../../../home/runner/.rustup/toolchains/nightly-2026-08-21-x86_64-unknown-linux-gnu/lib/rustlib/src/rust/library/core/src/option.rs:2439:15 in function <std::option::Option<bool> as std::cmp::PartialEq>::eq

Check 218: <std::option::Option<bool> as std::cmp::PartialEq>::eq.pointer_dereference.16
	 - Status: SUCCESS
	 - Description: "dereference failure: dead object"
	 - Location: ../../../../../../../../home/runner/.rustup/toolchains/nightly-2026-08-21-x86_64-unknown-linux-gnu/lib/rustlib/src/rust/library/core/src/option.rs:2439:15 in function <std::option::Option<bool> as std::cmp::PartialEq>::eq

Check 219: <std::option::Option<bool> as std::cmp::PartialEq>::eq.pointer_dereference.17
	 - Status: SUCCESS
	 - Description: "dereference failure: pointer outside object bounds"
	 - Location: ../../../../../../../../home/runner/.rustup/toolchains/nightly-2026-08-21-x86_64-unknown-linux-gnu/lib/rustlib/src/rust/library/core/src/option.rs:2439:15 in function <std::option::Option<bool> as std::cmp::PartialEq>::eq

Check 220: <std::option::Option<bool> as std::cmp::PartialEq>::eq.pointer_dereference.18
	 - Status: SUCCESS
	 - Description: "dereference failure: invalid integer address"
	 - Location: ../../../../../../../../home/runner/.rustup/toolchains/nightly-2026-08-21-x86_64-unknown-linux-gnu/lib/rustlib/src/rust/library/core/src/option.rs:2439:15 in function <std::option::Option<bool> as std::cmp::PartialEq>::eq

Check 221: <std::option::Option<u64> as std::cmp::PartialEq>::eq.pointer_dereference.1
	 - Status: SUCCESS
	 - Description: "dereference failure: pointer NULL"
	 - Location: ../../../../../../../../home/runner/.rustup/toolchains/nightly-2026-08-21-x86_64-unknown-linux-gnu/lib/rustlib/src/rust/library/core/src/option.rs:2439:15 in function <std::option::Option<u64> as std::cmp::PartialEq>::eq

Check 222: <std::option::Option<u64> as std::cmp::PartialEq>::eq.pointer_dereference.2
	 - Status: SUCCESS
	 - Description: "dereference failure: pointer invalid"
	 - Location: ../../../../../../../../home/runner/.rustup/toolchains/nightly-2026-08-21-x86_64-unknown-linux-gnu/lib/rustlib/src/rust/library/core/src/option.rs:2439:15 in function <std::option::Option<u64> as std::cmp::PartialEq>::eq

Check 223: <std::option::Option<u64> as std::cmp::PartialEq>::eq.pointer_dereference.3
	 - Status: SUCCESS
	 - Description: "dereference failure: deallocated dynamic object"
	 - Location: ../../../../../../../../home/runner/.rustup/toolchains/nightly-2026-08-21-x86_64-unknown-linux-gnu/lib/rustlib/src/rust/library/core/src/option.rs:2439:15 in function <std::option::Option<u64> as std::cmp::PartialEq>::eq

Check 224: <std::option::Option<u64> as std::cmp::PartialEq>::eq.pointer_dereference.4
	 - Status: SUCCESS
	 - Description: "dereference failure: dead object"
	 - Location: ../../../../../../../../home/runner/.rustup/toolchains/nightly-2026-08-21-x86_64-unknown-linux-gnu/lib/rustlib/src/rust/library/core/src/option.rs:2439:15 in function <std::option::Option<u64> as std::cmp::PartialEq>::eq

Check 225: <std::option::Option<u64> as std::cmp::PartialEq>::eq.pointer_dereference.5
	 - Status: SUCCESS
	 - Description: "dereference failure: pointer outside object bounds"
	 - Location: ../../../../../../../../home/runner/.rustup/toolchains/nightly-2026-08-21-x86_64-unknown-linux-gnu/lib/rustlib/src/rust/library/core/src/option.rs:2439:15 in function <std::option::Option<u64> as std::cmp::PartialEq>::eq

Check 226: <std::option::Option<u64> as std::cmp::PartialEq>::eq.pointer_dereference.6
	 - Status: SUCCESS
	 - Description: "dereference failure: invalid integer address"
	 - Location: ../../../../../../../../home/runner/.rustup/toolchains/nightly-2026-08-21-x86_64-unknown-linux-gnu/lib/rustlib/src/rust/library/core/src/option.rs:2439:15 in function <std::option::Option<u64> as std::cmp::PartialEq>::eq

Check 227: <std::option::Option<u64> as std::cmp::PartialEq>::eq.pointer_dereference.7
	 - Status: SUCCESS
	 - Description: "dereference failure: pointer NULL"
	 - Location: ../../../../../../../../home/runner/.rustup/toolchains/nightly-2026-08-21-x86_64-unknown-linux-gnu/lib/rustlib/src/rust/library/core/src/option.rs:2439:15 in function <std::option::Option<u64> as std::cmp::PartialEq>::eq

Check 228: <std::option::Option<u64> as std::cmp::PartialEq>::eq.pointer_dereference.8
	 - Status: SUCCESS
	 - Description: "dereference failure: pointer invalid"
	 - Location: ../../../../../../../../home/runner/.rustup/toolchains/nightly-2026-08-21-x86_64-unknown-linux-gnu/lib/rustlib/src/rust/library/core/src/option.rs:2439:15 in function <std::option::Option<u64> as std::cmp::PartialEq>::eq

Check 229: <std::option::Option<u64> as std::cmp::PartialEq>::eq.pointer_dereference.9
	 - Status: SUCCESS
	 - Description: "dereference failure: deallocated dynamic object"
	 - Location: ../../../../../../../../home/runner/.rustup/toolchains/nightly-2026-08-21-x86_64-unknown-linux-gnu/lib/rustlib/src/rust/library/core/src/option.rs:2439:15 in function <std::option::Option<u64> as std::cmp::PartialEq>::eq

Check 230: <std::option::Option<u64> as std::cmp::PartialEq>::eq.pointer_dereference.10
	 - Status: SUCCESS
	 - Description: "dereference failure: dead object"
	 - Location: ../../../../../../../../home/runner/.rustup/toolchains/nightly-2026-08-21-x86_64-unknown-linux-gnu/lib/rustlib/src/rust/library/core/src/option.rs:2439:15 in function <std::option::Option<u64> as std::cmp::PartialEq>::eq

Check 231: <std::option::Option<u64> as std::cmp::PartialEq>::eq.pointer_dereference.11
	 - Status: SUCCESS
	 - Description: "dereference failure: pointer outside object bounds"
	 - Location: ../../../../../../../../home/runner/.rustup/toolchains/nightly-2026-08-21-x86_64-unknown-linux-gnu/lib/rustlib/src/rust/library/core/src/option.rs:2439:15 in function <std::option::Option<u64> as std::cmp::PartialEq>::eq

Check 232: <std::option::Option<u64> as std::cmp::PartialEq>::eq.pointer_dereference.12
	 - Status: SUCCESS
	 - Description: "dereference failure: invalid integer address"
	 - Location: ../../../../../../../../home/runner/.rustup/toolchains/nightly-2026-08-21-x86_64-unknown-linux-gnu/lib/rustlib/src/rust/library/core/src/option.rs:2439:15 in function <std::option::Option<u64> as std::cmp::PartialEq>::eq

Check 233: <std::option::Option<u64> as std::cmp::PartialEq>::eq.pointer_dereference.13
	 - Status: SUCCESS
	 - Description: "dereference failure: pointer NULL"
	 - Location: ../../../../../../../../home/runner/.rustup/toolchains/nightly-2026-08-21-x86_64-unknown-linux-gnu/lib/rustlib/src/rust/library/core/src/option.rs:2439:15 in function <std::option::Option<u64> as std::cmp::PartialEq>::eq

Check 234: <std::option::Option<u64> as std::cmp::PartialEq>::eq.pointer_dereference.14
	 - Status: SUCCESS
	 - Description: "dereference failure: pointer invalid"
	 - Location: ../../../../../../../../home/runner/.rustup/toolchains/nightly-2026-08-21-x86_64-unknown-linux-gnu/lib/rustlib/src/rust/library/core/src/option.rs:2439:15 in function <std::option::Option<u64> as std::cmp::PartialEq>::eq

Check 235: <std::option::Option<u64> as std::cmp::PartialEq>::eq.pointer_dereference.15
	 - Status: SUCCESS
	 - Description: "dereference failure: deallocated dynamic object"
	 - Location: ../../../../../../../../home/runner/.rustup/toolchains/nightly-2026-08-21-x86_64-unknown-linux-gnu/lib/rustlib/src/rust/library/core/src/option.rs:2439:15 in function <std::option::Option<u64> as std::cmp::PartialEq>::eq

Check 236: <std::option::Option<u64> as std::cmp::PartialEq>::eq.pointer_dereference.16
	 - Status: SUCCESS
	 - Description: "dereference failure: dead object"
	 - Location: ../../../../../../../../home/runner/.rustup/toolchains/nightly-2026-08-21-x86_64-unknown-linux-gnu/lib/rustlib/src/rust/library/core/src/option.rs:2439:15 in function <std::option::Option<u64> as std::cmp::PartialEq>::eq

Check 237: <std::option::Option<u64> as std::cmp::PartialEq>::eq.pointer_dereference.17
	 - Status: SUCCESS
	 - Description: "dereference failure: pointer outside object bounds"
	 - Location: ../../../../../../../../home/runner/.rustup/toolchains/nightly-2026-08-21-x86_64-unknown-linux-gnu/lib/rustlib/src/rust/library/core/src/option.rs:2439:15 in function <std::option::Option<u64> as std::cmp::PartialEq>::eq

Check 238: <std::option::Option<u64> as std::cmp::PartialEq>::eq.pointer_dereference.18
	 - Status: SUCCESS
	 - Description: "dereference failure: invalid integer address"
	 - Location: ../../../../../../../../home/runner/.rustup/toolchains/nightly-2026-08-21-x86_64-unknown-linux-gnu/lib/rustlib/src/rust/library/core/src/option.rs:2439:15 in function <std::option::Option<u64> as std::cmp::PartialEq>::eq

Check 239: std::cmp::impls::<impl std::cmp::PartialEq for bool>::eq.pointer_dereference.1
	 - Status: SUCCESS
	 - Description: "dereference failure: pointer NULL"
	 - Location: ../../../../../../../../home/runner/.rustup/toolchains/nightly-2026-08-21-x86_64-unknown-linux-gnu/lib/rustlib/src/rust/library/core/src/cmp.rs:2153:54 in function std::cmp::impls::<impl std::cmp::PartialEq for bool>::eq

Check 240: std::cmp::impls::<impl std::cmp::PartialEq for bool>::eq.pointer_dereference.2
	 - Status: SUCCESS
	 - Description: "dereference failure: pointer invalid"
	 - Location: ../../../../../../../../home/runner/.rustup/toolchains/nightly-2026-08-21-x86_64-unknown-linux-gnu/lib/rustlib/src/rust/library/core/src/cmp.rs:2153:54 in function std::cmp::impls::<impl std::cmp::PartialEq for bool>::eq

Check 241: std::cmp::impls::<impl std::cmp::PartialEq for bool>::eq.pointer_dereference.3
	 - Status: SUCCESS
	 - Description: "dereference failure: deallocated dynamic object"
	 - Location: ../../../../../../../../home/runner/.rustup/toolchains/nightly-2026-08-21-x86_64-unknown-linux-gnu/lib/rustlib/src/rust/library/core/src/cmp.rs:2153:54 in function std::cmp::impls::<impl std::cmp::PartialEq for bool>::eq

Check 242: std::cmp::impls::<impl std::cmp::PartialEq for bool>::eq.pointer_dereference.4
	 - Status: SUCCESS
	 - Description: "dereference failure: dead object"
	 - Location: ../../../../../../../../home/runner/.rustup/toolchains/nightly-2026-08-21-x86_64-unknown-linux-gnu/lib/rustlib/src/rust/library/core/src/cmp.rs:2153:54 in function std::cmp::impls::<impl std::cmp::PartialEq for bool>::eq

Check 243: std::cmp::impls::<impl std::cmp::PartialEq for bool>::eq.pointer_dereference.5
	 - Status: SUCCESS
	 - Description: "dereference failure: pointer outside object bounds"
	 - Location: ../../../../../../../../home/runner/.rustup/toolchains/nightly-2026-08-21-x86_64-unknown-linux-gnu/lib/rustlib/src/rust/library/core/src/cmp.rs:2153:54 in function std::cmp::impls::<impl std::cmp::PartialEq for bool>::eq

Check 244: std::cmp::impls::<impl std::cmp::PartialEq for bool>::eq.pointer_dereference.6
	 - Status: SUCCESS
	 - Description: "dereference failure: invalid integer address"
	 - Location: ../../../../../../../../home/runner/.rustup/toolchains/nightly-2026-08-21-x86_64-unknown-linux-gnu/lib/rustlib/src/rust/library/core/src/cmp.rs:2153:54 in function std::cmp::impls::<impl std::cmp::PartialEq for bool>::eq

Check 245: std::cmp::impls::<impl std::cmp::PartialEq for bool>::eq.pointer_dereference.7
	 - Status: SUCCESS
	 - Description: "dereference failure: pointer NULL"
	 - Location: ../../../../../../../../home/runner/.rustup/toolchains/nightly-2026-08-21-x86_64-unknown-linux-gnu/lib/rustlib/src/rust/library/core/src/cmp.rs:2153:63 in function std::cmp::impls::<impl std::cmp::PartialEq for bool>::eq

Check 246: std::cmp::impls::<impl std::cmp::PartialEq for bool>::eq.pointer_dereference.8
	 - Status: SUCCESS
	 - Description: "dereference failure: pointer invalid"
	 - Location: ../../../../../../../../home/runner/.rustup/toolchains/nightly-2026-08-21-x86_64-unknown-linux-gnu/lib/rustlib/src/rust/library/core/src/cmp.rs:2153:63 in function std::cmp::impls::<impl std::cmp::PartialEq for bool>::eq

Check 247: std::cmp::impls::<impl std::cmp::PartialEq for bool>::eq.pointer_dereference.9
	 - Status: SUCCESS
	 - Description: "dereference failure: deallocated dynamic object"
	 - Location: ../../../../../../../../home/runner/.rustup/toolchains/nightly-2026-08-21-x86_64-unknown-linux-gnu/lib/rustlib/src/rust/library/core/src/cmp.rs:2153:63 in function std::cmp::impls::<impl std::cmp::PartialEq for bool>::eq

Check 248: std::cmp::impls::<impl std::cmp::PartialEq for bool>::eq.pointer_dereference.10
	 - Status: SUCCESS
	 - Description: "dereference failure: dead object"
	 - Location: ../../../../../../../../home/runner/.rustup/toolchains/nightly-2026-08-21-x86_64-unknown-linux-gnu/lib/rustlib/src/rust/library/core/src/cmp.rs:2153:63 in function std::cmp::impls::<impl std::cmp::PartialEq for bool>::eq

Check 249: std::cmp::impls::<impl std::cmp::PartialEq for bool>::eq.pointer_dereference.11
	 - Status: SUCCESS
	 - Description: "dereference failure: pointer outside object bounds"
	 - Location: ../../../../../../../../home/runner/.rustup/toolchains/nightly-2026-08-21-x86_64-unknown-linux-gnu/lib/rustlib/src/rust/library/core/src/cmp.rs:2153:63 in function std::cmp::impls::<impl std::cmp::PartialEq for bool>::eq

Check 250: std::cmp::impls::<impl std::cmp::PartialEq for bool>::eq.pointer_dereference.12
	 - Status: SUCCESS
	 - Description: "dereference failure: invalid integer address"
	 - Location: ../../../../../../../../home/runner/.rustup/toolchains/nightly-2026-08-21-x86_64-unknown-linux-gnu/lib/rustlib/src/rust/library/core/src/cmp.rs:2153:63 in function std::cmp::impls::<impl std::cmp::PartialEq for bool>::eq

Check 251: std::cmp::impls::<impl std::cmp::PartialEq for u64>::eq.pointer_dereference.1
	 - Status: SUCCESS
	 - Description: "dereference failure: pointer NULL"
	 - Location: ../../../../../../../../home/runner/.rustup/toolchains/nightly-2026-08-21-x86_64-unknown-linux-gnu/lib/rustlib/src/rust/library/core/src/cmp.rs:2153:54 in function std::cmp::impls::<impl std::cmp::PartialEq for u64>::eq

Check 252: std::cmp::impls::<impl std::cmp::PartialEq for u64>::eq.pointer_dereference.2
	 - Status: SUCCESS
	 - Description: "dereference failure: pointer invalid"
	 - Location: ../../../../../../../../home/runner/.rustup/toolchains/nightly-2026-08-21-x86_64-unknown-linux-gnu/lib/rustlib/src/rust/library/core/src/cmp.rs:2153:54 in function std::cmp::impls::<impl std::cmp::PartialEq for u64>::eq

Check 253: std::cmp::impls::<impl std::cmp::PartialEq for u64>::eq.pointer_dereference.3
	 - Status: SUCCESS
	 - Description: "dereference failure: deallocated dynamic object"
	 - Location: ../../../../../../../../home/runner/.rustup/toolchains/nightly-2026-08-21-x86_64-unknown-linux-gnu/lib/rustlib/src/rust/library/core/src/cmp.rs:2153:54 in function std::cmp::impls::<impl std::cmp::PartialEq for u64>::eq

Check 254: std::cmp::impls::<impl std::cmp::PartialEq for u64>::eq.pointer_dereference.4
	 - Status: SUCCESS
	 - Description: "dereference failure: dead object"
	 - Location: ../../../../../../../../home/runner/.rustup/toolchains/nightly-2026-08-21-x86_64-unknown-linux-gnu/lib/rustlib/src/rust/library/core/src/cmp.rs:2153:54 in function std::cmp::impls::<impl std::cmp::PartialEq for u64>::eq

Check 255: std::cmp::impls::<impl std::cmp::PartialEq for u64>::eq.pointer_dereference.5
	 - Status: SUCCESS
	 - Description: "dereference failure: pointer outside object bounds"
	 - Location: ../../../../../../../../home/runner/.rustup/toolchains/nightly-2026-08-21-x86_64-unknown-linux-gnu/lib/rustlib/src/rust/library/core/src/cmp.rs:2153:54 in function std::cmp::impls::<impl std::cmp::PartialEq for u64>::eq

Check 256: std::cmp::impls::<impl std::cmp::PartialEq for u64>::eq.pointer_dereference.6
	 - Status: SUCCESS
	 - Description: "dereference failure: invalid integer address"
	 - Location: ../../../../../../../../home/runner/.rustup/toolchains/nightly-2026-08-21-x86_64-unknown-linux-gnu/lib/rustlib/src/rust/library/core/src/cmp.rs:2153:54 in function std::cmp::impls::<impl std::cmp::PartialEq for u64>::eq

Check 257: std::cmp::impls::<impl std::cmp::PartialEq for u64>::eq.pointer_dereference.7
	 - Status: SUCCESS
	 - Description: "dereference failure: pointer NULL"
	 - Location: ../../../../../../../../home/runner/.rustup/toolchains/nightly-2026-08-21-x86_64-unknown-linux-gnu/lib/rustlib/src/rust/library/core/src/cmp.rs:2153:63 in function std::cmp::impls::<impl std::cmp::PartialEq for u64>::eq

Check 258: std::cmp::impls::<impl std::cmp::PartialEq for u64>::eq.pointer_dereference.8
	 - Status: SUCCESS
	 - Description: "dereference failure: pointer invalid"
	 - Location: ../../../../../../../../home/runner/.rustup/toolchains/nightly-2026-08-21-x86_64-unknown-linux-gnu/lib/rustlib/src/rust/library/core/src/cmp.rs:2153:63 in function std::cmp::impls::<impl std::cmp::PartialEq for u64>::eq

Check 259: std::cmp::impls::<impl std::cmp::PartialEq for u64>::eq.pointer_dereference.9
	 - Status: SUCCESS
	 - Description: "dereference failure: deallocated dynamic object"
	 - Location: ../../../../../../../../home/runner/.rustup/toolchains/nightly-2026-08-21-x86_64-unknown-linux-gnu/lib/rustlib/src/rust/library/core/src/cmp.rs:2153:63 in function std::cmp::impls::<impl std::cmp::PartialEq for u64>::eq

Check 260: std::cmp::impls::<impl std::cmp::PartialEq for u64>::eq.pointer_dereference.10
	 - Status: SUCCESS
	 - Description: "dereference failure: dead object"
	 - Location: ../../../../../../../../home/runner/.rustup/toolchains/nightly-2026-08-21-x86_64-unknown-linux-gnu/lib/rustlib/src/rust/library/core/src/cmp.rs:2153:63 in function std::cmp::impls::<impl std::cmp::PartialEq for u64>::eq

Check 261: std::cmp::impls::<impl std::cmp::PartialEq for u64>::eq.pointer_dereference.11
	 - Status: SUCCESS
	 - Description: "dereference failure: pointer outside object bounds"
	 - Location: ../../../../../../../../home/runner/.rustup/toolchains/nightly-2026-08-21-x86_64-unknown-linux-gnu/lib/rustlib/src/rust/library/core/src/cmp.rs:2153:63 in function std::cmp::impls::<impl std::cmp::PartialEq for u64>::eq

Check 262: std::cmp::impls::<impl std::cmp::PartialEq for u64>::eq.pointer_dereference.12
	 - Status: SUCCESS
	 - Description: "dereference failure: invalid integer address"
	 - Location: ../../../../../../../../home/runner/.rustup/toolchains/nightly-2026-08-21-x86_64-unknown-linux-gnu/lib/rustlib/src/rust/library/core/src/cmp.rs:2153:63 in function std::cmp::impls::<impl std::cmp::PartialEq for u64>::eq

Check 263: std::cmp::impls::<impl std::cmp::PartialEq for i32>::eq.pointer_dereference.1
	 - Status: SUCCESS
	 - Description: "dereference failure: pointer NULL"
	 - Location: ../../../../../../../../home/runner/.rustup/toolchains/nightly-2026-08-21-x86_64-unknown-linux-gnu/lib/rustlib/src/rust/library/core/src/cmp.rs:2153:54 in function std::cmp::impls::<impl std::cmp::PartialEq for i32>::eq

Check 264: std::cmp::impls::<impl std::cmp::PartialEq for i32>::eq.pointer_dereference.2
	 - Status: SUCCESS
	 - Description: "dereference failure: pointer invalid"
	 - Location: ../../../../../../../../home/runner/.rustup/toolchains/nightly-2026-08-21-x86_64-unknown-linux-gnu/lib/rustlib/src/rust/library/core/src/cmp.rs:2153:54 in function std::cmp::impls::<impl std::cmp::PartialEq for i32>::eq

Check 265: std::cmp::impls::<impl std::cmp::PartialEq for i32>::eq.pointer_dereference.3
	 - Status: SUCCESS
	 - Description: "dereference failure: deallocated dynamic object"
	 - Location: ../../../../../../../../home/runner/.rustup/toolchains/nightly-2026-08-21-x86_64-unknown-linux-gnu/lib/rustlib/src/rust/library/core/src/cmp.rs:2153:54 in function std::cmp::impls::<impl std::cmp::PartialEq for i32>::eq

Check 266: std::cmp::impls::<impl std::cmp::PartialEq for i32>::eq.pointer_dereference.4
	 - Status: SUCCESS
	 - Description: "dereference failure: dead object"
	 - Location: ../../../../../../../../home/runner/.rustup/toolchains/nightly-2026-08-21-x86_64-unknown-linux-gnu/lib/rustlib/src/rust/library/core/src/cmp.rs:2153:54 in function std::cmp::impls::<impl std::cmp::PartialEq for i32>::eq

Check 267: std::cmp::impls::<impl std::cmp::PartialEq for i32>::eq.pointer_dereference.5
	 - Status: SUCCESS
	 - Description: "dereference failure: pointer outside object bounds"
	 - Location: ../../../../../../../../home/runner/.rustup/toolchains/nightly-2026-08-21-x86_64-unknown-linux-gnu/lib/rustlib/src/rust/library/core/src/cmp.rs:2153:54 in function std::cmp::impls::<impl std::cmp::PartialEq for i32>::eq

Check 268: std::cmp::impls::<impl std::cmp::PartialEq for i32>::eq.pointer_dereference.6
	 - Status: SUCCESS
	 - Description: "dereference failure: invalid integer address"
	 - Location: ../../../../../../../../home/runner/.rustup/toolchains/nightly-2026-08-21-x86_64-unknown-linux-gnu/lib/rustlib/src/rust/library/core/src/cmp.rs:2153:54 in function std::cmp::impls::<impl std::cmp::PartialEq for i32>::eq

Check 269: std::cmp::impls::<impl std::cmp::PartialEq for i32>::eq.pointer_dereference.7
	 - Status: SUCCESS
	 - Description: "dereference failure: pointer NULL"
	 - Location: ../../../../../../../../home/runner/.rustup/toolchains/nightly-2026-08-21-x86_64-unknown-linux-gnu/lib/rustlib/src/rust/library/core/src/cmp.rs:2153:63 in function std::cmp::impls::<impl std::cmp::PartialEq for i32>::eq

Check 270: std::cmp::impls::<impl std::cmp::PartialEq for i32>::eq.pointer_dereference.8
	 - Status: SUCCESS
	 - Description: "dereference failure: pointer invalid"
	 - Location: ../../../../../../../../home/runner/.rustup/toolchains/nightly-2026-08-21-x86_64-unknown-linux-gnu/lib/rustlib/src/rust/library/core/src/cmp.rs:2153:63 in function std::cmp::impls::<impl std::cmp::PartialEq for i32>::eq

Check 271: std::cmp::impls::<impl std::cmp::PartialEq for i32>::eq.pointer_dereference.9
	 - Status: SUCCESS
	 - Description: "dereference failure: deallocated dynamic object"
	 - Location: ../../../../../../../../home/runner/.rustup/toolchains/nightly-2026-08-21-x86_64-unknown-linux-gnu/lib/rustlib/src/rust/library/core/src/cmp.rs:2153:63 in function std::cmp::impls::<impl std::cmp::PartialEq for i32>::eq

Check 272: std::cmp::impls::<impl std::cmp::PartialEq for i32>::eq.pointer_dereference.10
	 - Status: SUCCESS
	 - Description: "dereference failure: dead object"
	 - Location: ../../../../../../../../home/runner/.rustup/toolchains/nightly-2026-08-21-x86_64-unknown-linux-gnu/lib/rustlib/src/rust/library/core/src/cmp.rs:2153:63 in function std::cmp::impls::<impl std::cmp::PartialEq for i32>::eq

Check 273: std::cmp::impls::<impl std::cmp::PartialEq for i32>::eq.pointer_dereference.11
	 - Status: SUCCESS
	 - Description: "dereference failure: pointer outside object bounds"
	 - Location: ../../../../../../../../home/runner/.rustup/toolchains/nightly-2026-08-21-x86_64-unknown-linux-gnu/lib/rustlib/src/rust/library/core/src/cmp.rs:2153:63 in function std::cmp::impls::<impl std::cmp::PartialEq for i32>::eq

Check 274: std::cmp::impls::<impl std::cmp::PartialEq for i32>::eq.pointer_dereference.12
	 - Status: SUCCESS
	 - Description: "dereference failure: invalid integer address"
	 - Location: ../../../../../../../../home/runner/.rustup/toolchains/nightly-2026-08-21-x86_64-unknown-linux-gnu/lib/rustlib/src/rust/library/core/src/cmp.rs:2153:63 in function std::cmp::impls::<impl std::cmp::PartialEq for i32>::eq

Check 275: <std::result::Result<domain::SubscriptionStart, domain::DomainError> as std::cmp::PartialEq>::eq.pointer_dereference.1
	 - Status: SUCCESS
	 - Description: "dereference failure: pointer NULL"
	 - Location: ../../../../../../../../home/runner/.rustup/toolchains/nightly-2026-08-21-x86_64-unknown-linux-gnu/lib/rustlib/src/rust/library/core/src/result.rs:554:16 in function <std::result::Result<domain::SubscriptionStart, domain::DomainError> as std::cmp::PartialEq>::eq

Check 276: <std::result::Result<domain::SubscriptionStart, domain::DomainError> as std::cmp::PartialEq>::eq.pointer_dereference.2
	 - Status: SUCCESS
	 - Description: "dereference failure: pointer invalid"
	 - Location: ../../../../../../../../home/runner/.rustup/toolchains/nightly-2026-08-21-x86_64-unknown-linux-gnu/lib/rustlib/src/rust/library/core/src/result.rs:554:16 in function <std::result::Result<domain::SubscriptionStart, domain::DomainError> as std::cmp::PartialEq>::eq

Check 277: <std::result::Result<domain::SubscriptionStart, domain::DomainError> as std::cmp::PartialEq>::eq.pointer_dereference.3
	 - Status: SUCCESS
	 - Description: "dereference failure: deallocated dynamic object"
	 - Location: ../../../../../../../../home/runner/.rustup/toolchains/nightly-2026-08-21-x86_64-unknown-linux-gnu/lib/rustlib/src/rust/library/core/src/result.rs:554:16 in function <std::result::Result<domain::SubscriptionStart, domain::DomainError> as std::cmp::PartialEq>::eq

Check 278: <std::result::Result<domain::SubscriptionStart, domain::DomainError> as std::cmp::PartialEq>::eq.pointer_dereference.4
	 - Status: SUCCESS
	 - Description: "dereference failure: dead object"
	 - Location: ../../../../../../../../home/runner/.rustup/toolchains/nightly-2026-08-21-x86_64-unknown-linux-gnu/lib/rustlib/src/rust/library/core/src/result.rs:554:16 in function <std::result::Result<domain::SubscriptionStart, domain::DomainError> as std::cmp::PartialEq>::eq

Check 279: <std::result::Result<domain::SubscriptionStart, domain::DomainError> as std::cmp::PartialEq>::eq.pointer_dereference.5
	 - Status: SUCCESS
	 - Description: "dereference failure: pointer outside object bounds"
	 - Location: ../../../../../../../../home/runner/.rustup/toolchains/nightly-2026-08-21-x86_64-unknown-linux-gnu/lib/rustlib/src/rust/library/core/src/result.rs:554:16 in function <std::result::Result<domain::SubscriptionStart, domain::DomainError> as std::cmp::PartialEq>::eq

Check 280: <std::result::Result<domain::SubscriptionStart, domain::DomainError> as std::cmp::PartialEq>::eq.pointer_dereference.6
	 - Status: SUCCESS
	 - Description: "dereference failure: invalid integer address"
	 - Location: ../../../../../../../../home/runner/.rustup/toolchains/nightly-2026-08-21-x86_64-unknown-linux-gnu/lib/rustlib/src/rust/library/core/src/result.rs:554:16 in function <std::result::Result<domain::SubscriptionStart, domain::DomainError> as std::cmp::PartialEq>::eq

Check 281: <std::result::Result<domain::SubscriptionStart, domain::DomainError> as std::cmp::PartialEq>::eq.pointer_dereference.7
	 - Status: SUCCESS
	 - Description: "dereference failure: pointer NULL"
	 - Location: ../../../../../../../../home/runner/.rustup/toolchains/nightly-2026-08-21-x86_64-unknown-linux-gnu/lib/rustlib/src/rust/library/core/src/result.rs:554:16 in function <std::result::Result<domain::SubscriptionStart, domain::DomainError> as std::cmp::PartialEq>::eq

Check 282: <std::result::Result<domain::SubscriptionStart, domain::DomainError> as std::cmp::PartialEq>::eq.pointer_dereference.8
	 - Status: SUCCESS
	 - Description: "dereference failure: pointer invalid"
	 - Location: ../../../../../../../../home/runner/.rustup/toolchains/nightly-2026-08-21-x86_64-unknown-linux-gnu/lib/rustlib/src/rust/library/core/src/result.rs:554:16 in function <std::result::Result<domain::SubscriptionStart, domain::DomainError> as std::cmp::PartialEq>::eq

Check 283: <std::result::Result<domain::SubscriptionStart, domain::DomainError> as std::cmp::PartialEq>::eq.pointer_dereference.9
	 - Status: SUCCESS
	 - Description: "dereference failure: deallocated dynamic object"
	 - Location: ../../../../../../../../home/runner/.rustup/toolchains/nightly-2026-08-21-x86_64-unknown-linux-gnu/lib/rustlib/src/rust/library/core/src/result.rs:554:16 in function <std::result::Result<domain::SubscriptionStart, domain::DomainError> as std::cmp::PartialEq>::eq

Check 284: <std::result::Result<domain::SubscriptionStart, domain::DomainError> as std::cmp::PartialEq>::eq.pointer_dereference.10
	 - Status: SUCCESS
	 - Description: "dereference failure: dead object"
	 - Location: ../../../../../../../../home/runner/.rustup/toolchains/nightly-2026-08-21-x86_64-unknown-linux-gnu/lib/rustlib/src/rust/library/core/src/result.rs:554:16 in function <std::result::Result<domain::SubscriptionStart, domain::DomainError> as std::cmp::PartialEq>::eq

Check 285: <std::result::Result<domain::SubscriptionStart, domain::DomainError> as std::cmp::PartialEq>::eq.pointer_dereference.11
	 - Status: SUCCESS
	 - Description: "dereference failure: pointer outside object bounds"
	 - Location: ../../../../../../../../home/runner/.rustup/toolchains/nightly-2026-08-21-x86_64-unknown-linux-gnu/lib/rustlib/src/rust/library/core/src/result.rs:554:16 in function <std::result::Result<domain::SubscriptionStart, domain::DomainError> as std::cmp::PartialEq>::eq

Check 286: <std::result::Result<domain::SubscriptionStart, domain::DomainError> as std::cmp::PartialEq>::eq.pointer_dereference.12
	 - Status: SUCCESS
	 - Description: "dereference failure: invalid integer address"
	 - Location: ../../../../../../../../home/runner/.rustup/toolchains/nightly-2026-08-21-x86_64-unknown-linux-gnu/lib/rustlib/src/rust/library/core/src/result.rs:554:16 in function <std::result::Result<domain::SubscriptionStart, domain::DomainError> as std::cmp::PartialEq>::eq

Check 287: <std::result::Result<domain::SubscriptionStart, domain::DomainError> as std::cmp::PartialEq>::eq.pointer_dereference.13
	 - Status: SUCCESS
	 - Description: "dereference failure: pointer NULL"
	 - Location: ../../../../../../../../home/runner/.rustup/toolchains/nightly-2026-08-21-x86_64-unknown-linux-gnu/lib/rustlib/src/rust/library/core/src/result.rs:554:16 in function <std::result::Result<domain::SubscriptionStart, domain::DomainError> as std::cmp::PartialEq>::eq

Check 288: <std::result::Result<domain::SubscriptionStart, domain::DomainError> as std::cmp::PartialEq>::eq.pointer_dereference.14
	 - Status: SUCCESS
	 - Description: "dereference failure: pointer invalid"
	 - Location: ../../../../../../../../home/runner/.rustup/toolchains/nightly-2026-08-21-x86_64-unknown-linux-gnu/lib/rustlib/src/rust/library/core/src/result.rs:554:16 in function <std::result::Result<domain::SubscriptionStart, domain::DomainError> as std::cmp::PartialEq>::eq

Check 289: <std::result::Result<domain::SubscriptionStart, domain::DomainError> as std::cmp::PartialEq>::eq.pointer_dereference.15
	 - Status: SUCCESS
	 - Description: "dereference failure: deallocated dynamic object"
	 - Location: ../../../../../../../../home/runner/.rustup/toolchains/nightly-2026-08-21-x86_64-unknown-linux-gnu/lib/rustlib/src/rust/library/core/src/result.rs:554:16 in function <std::result::Result<domain::SubscriptionStart, domain::DomainError> as std::cmp::PartialEq>::eq

Check 290: <std::result::Result<domain::SubscriptionStart, domain::DomainError> as std::cmp::PartialEq>::eq.pointer_dereference.16
	 - Status: SUCCESS
	 - Description: "dereference failure: dead object"
	 - Location: ../../../../../../../../home/runner/.rustup/toolchains/nightly-2026-08-21-x86_64-unknown-linux-gnu/lib/rustlib/src/rust/library/core/src/result.rs:554:16 in function <std::result::Result<domain::SubscriptionStart, domain::DomainError> as std::cmp::PartialEq>::eq

Check 291: <std::result::Result<domain::SubscriptionStart, domain::DomainError> as std::cmp::PartialEq>::eq.pointer_dereference.17
	 - Status: SUCCESS
	 - Description: "dereference failure: pointer outside object bounds"
	 - Location: ../../../../../../../../home/runner/.rustup/toolchains/nightly-2026-08-21-x86_64-unknown-linux-gnu/lib/rustlib/src/rust/library/core/src/result.rs:554:16 in function <std::result::Result<domain::SubscriptionStart, domain::DomainError> as std::cmp::PartialEq>::eq

Check 292: <std::result::Result<domain::SubscriptionStart, domain::DomainError> as std::cmp::PartialEq>::eq.pointer_dereference.18
	 - Status: SUCCESS
	 - Description: "dereference failure: invalid integer address"
	 - Location: ../../../../../../../../home/runner/.rustup/toolchains/nightly-2026-08-21-x86_64-unknown-linux-gnu/lib/rustlib/src/rust/library/core/src/result.rs:554:16 in function <std::result::Result<domain::SubscriptionStart, domain::DomainError> as std::cmp::PartialEq>::eq

Check 293: <std::result::Result<domain::SubscriptionStart, domain::DomainError> as std::cmp::PartialEq>::eq.pointer_dereference.19
	 - Status: SUCCESS
	 - Description: "dereference failure: pointer NULL"
	 - Location: ../../../../../../../../home/runner/.rustup/toolchains/nightly-2026-08-21-x86_64-unknown-linux-gnu/lib/rustlib/src/rust/library/core/src/result.rs:554:16 in function <std::result::Result<domain::SubscriptionStart, domain::DomainError> as std::cmp::PartialEq>::eq

Check 294: <std::result::Result<domain::SubscriptionStart, domain::DomainError> as std::cmp::PartialEq>::eq.pointer_dereference.20
	 - Status: SUCCESS
	 - Description: "dereference failure: pointer invalid"
	 - Location: ../../../../../../../../home/runner/.rustup/toolchains/nightly-2026-08-21-x86_64-unknown-linux-gnu/lib/rustlib/src/rust/library/core/src/result.rs:554:16 in function <std::result::Result<domain::SubscriptionStart, domain::DomainError> as std::cmp::PartialEq>::eq

Check 295: <std::result::Result<domain::SubscriptionStart, domain::DomainError> as std::cmp::PartialEq>::eq.pointer_dereference.21
	 - Status: SUCCESS
	 - Description: "dereference failure: deallocated dynamic object"
	 - Location: ../../../../../../../../home/runner/.rustup/toolchains/nightly-2026-08-21-x86_64-unknown-linux-gnu/lib/rustlib/src/rust/library/core/src/result.rs:554:16 in function <std::result::Result<domain::SubscriptionStart, domain::DomainError> as std::cmp::PartialEq>::eq

Check 296: <std::result::Result<domain::SubscriptionStart, domain::DomainError> as std::cmp::PartialEq>::eq.pointer_dereference.22
	 - Status: SUCCESS
	 - Description: "dereference failure: dead object"
	 - Location: ../../../../../../../../home/runner/.rustup/toolchains/nightly-2026-08-21-x86_64-unknown-linux-gnu/lib/rustlib/src/rust/library/core/src/result.rs:554:16 in function <std::result::Result<domain::SubscriptionStart, domain::DomainError> as std::cmp::PartialEq>::eq

Check 297: <std::result::Result<domain::SubscriptionStart, domain::DomainError> as std::cmp::PartialEq>::eq.pointer_dereference.23
	 - Status: SUCCESS
	 - Description: "dereference failure: pointer outside object bounds"
	 - Location: ../../../../../../../../home/runner/.rustup/toolchains/nightly-2026-08-21-x86_64-unknown-linux-gnu/lib/rustlib/src/rust/library/core/src/result.rs:554:16 in function <std::result::Result<domain::SubscriptionStart, domain::DomainError> as std::cmp::PartialEq>::eq

Check 298: <std::result::Result<domain::SubscriptionStart, domain::DomainError> as std::cmp::PartialEq>::eq.pointer_dereference.24
	 - Status: SUCCESS
	 - Description: "dereference failure: invalid integer address"
	 - Location: ../../../../../../../../home/runner/.rustup/toolchains/nightly-2026-08-21-x86_64-unknown-linux-gnu/lib/rustlib/src/rust/library/core/src/result.rs:554:16 in function <std::result::Result<domain::SubscriptionStart, domain::DomainError> as std::cmp::PartialEq>::eq

Check 299: <std::result::Result<domain::SubscriptionStart, domain::DomainError> as std::cmp::PartialEq>::eq.pointer_dereference.25
	 - Status: SUCCESS
	 - Description: "dereference failure: pointer NULL"
	 - Location: ../../../../../../../../home/runner/.rustup/toolchains/nightly-2026-08-21-x86_64-unknown-linux-gnu/lib/rustlib/src/rust/library/core/src/result.rs:554:16 in function <std::result::Result<domain::SubscriptionStart, domain::DomainError> as std::cmp::PartialEq>::eq

Check 300: <std::result::Result<domain::SubscriptionStart, domain::DomainError> as std::cmp::PartialEq>::eq.pointer_dereference.26
	 - Status: SUCCESS
	 - Description: "dereference failure: pointer invalid"
	 - Location: ../../../../../../../../home/runner/.rustup/toolchains/nightly-2026-08-21-x86_64-unknown-linux-gnu/lib/rustlib/src/rust/library/core/src/result.rs:554:16 in function <std::result::Result<domain::SubscriptionStart, domain::DomainError> as std::cmp::PartialEq>::eq

Check 301: <std::result::Result<domain::SubscriptionStart, domain::DomainError> as std::cmp::PartialEq>::eq.pointer_dereference.27
	 - Status: SUCCESS
	 - Description: "dereference failure: deallocated dynamic object"
	 - Location: ../../../../../../../../home/runner/.rustup/toolchains/nightly-2026-08-21-x86_64-unknown-linux-gnu/lib/rustlib/src/rust/library/core/src/result.rs:554:16 in function <std::result::Result<domain::SubscriptionStart, domain::DomainError> as std::cmp::PartialEq>::eq

Check 302: <std::result::Result<domain::SubscriptionStart, domain::DomainError> as std::cmp::PartialEq>::eq.pointer_dereference.28
	 - Status: SUCCESS
	 - Description: "dereference failure: dead object"
	 - Location: ../../../../../../../../home/runner/.rustup/toolchains/nightly-2026-08-21-x86_64-unknown-linux-gnu/lib/rustlib/src/rust/library/core/src/result.rs:554:16 in function <std::result::Result<domain::SubscriptionStart, domain::DomainError> as std::cmp::PartialEq>::eq

Check 303: <std::result::Result<domain::SubscriptionStart, domain::DomainError> as std::cmp::PartialEq>::eq.pointer_dereference.29
	 - Status: SUCCESS
	 - Description: "dereference failure: pointer outside object bounds"
	 - Location: ../../../../../../../../home/runner/.rustup/toolchains/nightly-2026-08-21-x86_64-unknown-linux-gnu/lib/rustlib/src/rust/library/core/src/result.rs:554:16 in function <std::result::Result<domain::SubscriptionStart, domain::DomainError> as std::cmp::PartialEq>::eq

Check 304: <std::result::Result<domain::SubscriptionStart, domain::DomainError> as std::cmp::PartialEq>::eq.pointer_dereference.30
	 - Status: SUCCESS
	 - Description: "dereference failure: invalid integer address"
	 - Location: ../../../../../../../../home/runner/.rustup/toolchains/nightly-2026-08-21-x86_64-unknown-linux-gnu/lib/rustlib/src/rust/library/core/src/result.rs:554:16 in function <std::result::Result<domain::SubscriptionStart, domain::DomainError> as std::cmp::PartialEq>::eq


SUMMARY:
 ** 0 of 304 failed

VERIFICATION:- SUCCESSFUL
Verification Time: 0.7409205s

Manual Harness Summary:
Complete - 1 successfully verified harnesses, 0 failures, 1 total.
CARGO_KANI_EXIT=0
